#run-time information,,,,,,,,,,,,,,,,
"#	date run: 	Mon Mar 25 15:22:00 CDT 2024",,,,,,,,,,,,,,,,
"#	sct directory: 	/usr/local/slingshot_tools_26Jul2022_rev2/sct",,,,,,,,,,,,,,,,
"#	sct timestamp: 	2023-10-26 14:35:02",,,,,,,,,,,,,,,,
"#	'non-standard' SCT args: ",,,,,,,,,,,,,,,,
"#	ls config file:	-rwxr-xr-x 1 tuminell employee 17862 Mar 25 15:21 /var/users/systems/eni_revc/eni_revc.yaml",,,,,,,,,,,,,,,,
#,,,,,,,,,,,,,,,,
cable_id,src_conn_a,src_conn_b,dst_conn_a,dst_conn_b,stage,src_egress_a,src_egress_b,dst_egress_a,dst_egress_b,link_type,src_group,dst_group,part_number,part_length,calculated_distance,route
3207.3104.00.0000,x3207.c0.r42.j26,none,x3104.c0.r42.j6,none,1,x3207-RIGHT,none,x3104-LEFT,none,local,1,1,R4K83A,25,20.8250115,"['x3207_RIGHT-x3208_LEFT', 'x3208_RIGHT-x3209_LEFT', 'x11_FRONT-x3209_FRONT', 'x11_RIGHT-x3108_LEFT', 'x3108_RIGHT-x3107_LEFT', 'x3107_RIGHT-x3106_LEFT', 'x3106_RIGHT-x3105_LEFT', 'x3105_RIGHT-x3104_LEFT']"
3208.3104.00.0000,x3208.c0.r42.j26,none,x3104.c0.r42.j8,none,1,x3208-RIGHT,none,x3104-LEFT,none,local,1,1,R4K83A,25,19.9801568,"['x3208_RIGHT-x3209_LEFT', 'x11_FRONT-x3209_FRONT', 'x11_RIGHT-x3108_LEFT', 'x3108_RIGHT-x3107_LEFT', 'x3107_RIGHT-x3106_LEFT', 'x3106_RIGHT-x3105_LEFT', 'x3105_RIGHT-x3104_LEFT']"
3208.3103.00.0000,x3208.c0.r42.j25,none,x3103.c0.r42.j8,none,1,x3208-RIGHT,none,x3103-LEFT,none,local,1,1,R4K83A,25,20.8010642,"['x3208_RIGHT-x3209_LEFT', 'x11_FRONT-x3209_FRONT', 'x11_RIGHT-x3108_LEFT', 'x3108_RIGHT-x3107_LEFT', 'x3107_RIGHT-x3106_LEFT', 'x3106_RIGHT-x3105_LEFT', 'x3105_RIGHT-x3104_LEFT', 'x3104_RIGHT-x3103_LEFT']"
3208.3102.00.0000,x3208.c0.r42.j28,none,x3102.c0.r42.j8,none,1,x3208-RIGHT,none,x3102-LEFT,none,local,1,1,R4K83A,25,21.6468265,"['x3208_RIGHT-x3209_LEFT', 'x11_FRONT-x3209_FRONT', 'x11_RIGHT-x3108_LEFT', 'x3108_RIGHT-x3107_LEFT', 'x3107_RIGHT-x3106_LEFT', 'x3106_RIGHT-x3105_LEFT', 'x3105_RIGHT-x3104_LEFT', 'x3104_RIGHT-x3103_LEFT', 'x3103_RIGHT-x3102_LEFT']"
3208.3101.00.0000,x3208.c0.r42.j27,none,x3101.c0.r42.j8,none,1,x3208-RIGHT,none,x3101-LEFT,none,local,1,1,R4K83A,25,22.4677891,"['x3208_RIGHT-x3209_LEFT', 'x11_FRONT-x3209_FRONT', 'x11_RIGHT-x3108_LEFT', 'x3108_RIGHT-x3107_LEFT', 'x3107_RIGHT-x3106_LEFT', 'x3106_RIGHT-x3105_LEFT', 'x3105_RIGHT-x3104_LEFT', 'x3104_RIGHT-x3103_LEFT', 'x3103_RIGHT-x3102_LEFT', 'x3102_RIGHT-x3101_LEFT']"
3207.3103.00.0000,x3207.c0.r42.j25,none,x3103.c0.r42.j6,none,1,x3207-RIGHT,none,x3103-LEFT,none,local,1,1,R4K83A,25,21.645919,"['x3207_RIGHT-x3208_LEFT', 'x3208_RIGHT-x3209_LEFT', 'x11_FRONT-x3209_FRONT', 'x11_RIGHT-x3108_LEFT', 'x3108_RIGHT-x3107_LEFT', 'x3107_RIGHT-x3106_LEFT', 'x3106_RIGHT-x3105_LEFT', 'x3105_RIGHT-x3104_LEFT', 'x3104_RIGHT-x3103_LEFT']"
3207.3102.00.0000,x3207.c0.r42.j28,none,x3102.c0.r42.j6,none,1,x3207-RIGHT,none,x3102-LEFT,none,local,1,1,R4K83A,25,22.4916813,"['x3207_RIGHT-x3208_LEFT', 'x3208_RIGHT-x3209_LEFT', 'x11_FRONT-x3209_FRONT', 'x11_RIGHT-x3108_LEFT', 'x3108_RIGHT-x3107_LEFT', 'x3107_RIGHT-x3106_LEFT', 'x3106_RIGHT-x3105_LEFT', 'x3105_RIGHT-x3104_LEFT', 'x3104_RIGHT-x3103_LEFT', 'x3103_RIGHT-x3102_LEFT']"
3207.3101.00.0000,x3207.c0.r42.j27,none,x3101.c0.r42.j6,none,1,x3207-RIGHT,none,x3101-LEFT,none,local,1,1,R4K83A,25,23.3126438,"['x3207_RIGHT-x3208_LEFT', 'x3208_RIGHT-x3209_LEFT', 'x11_FRONT-x3209_FRONT', 'x11_RIGHT-x3108_LEFT', 'x3108_RIGHT-x3107_LEFT', 'x3107_RIGHT-x3106_LEFT', 'x3106_RIGHT-x3105_LEFT', 'x3105_RIGHT-x3104_LEFT', 'x3104_RIGHT-x3103_LEFT', 'x3103_RIGHT-x3102_LEFT', 'x3102_RIGHT-x3101_LEFT']"
3206.3104.00.0000,x3206.c0.r42.j26,none,x3104.c0.r42.j5,none,1,x3206-RIGHT,none,x3104-LEFT,none,local,1,1,R4K83A,25,21.6458884,"['x3206_RIGHT-x3207_LEFT', 'x3207_RIGHT-x3208_LEFT', 'x3208_RIGHT-x3209_LEFT', 'x11_FRONT-x3209_FRONT', 'x11_RIGHT-x3108_LEFT', 'x3108_RIGHT-x3107_LEFT', 'x3107_RIGHT-x3106_LEFT', 'x3106_RIGHT-x3105_LEFT', 'x3105_RIGHT-x3104_LEFT']"
3206.3103.00.0000,x3206.c0.r42.j25,none,x3103.c0.r42.j5,none,1,x3206-RIGHT,none,x3103-LEFT,none,local,1,1,R4K83A,25,22.4667958,"['x3206_RIGHT-x3207_LEFT', 'x3207_RIGHT-x3208_LEFT', 'x3208_RIGHT-x3209_LEFT', 'x11_FRONT-x3209_FRONT', 'x11_RIGHT-x3108_LEFT', 'x3108_RIGHT-x3107_LEFT', 'x3107_RIGHT-x3106_LEFT', 'x3106_RIGHT-x3105_LEFT', 'x3105_RIGHT-x3104_LEFT', 'x3104_RIGHT-x3103_LEFT']"
3206.3102.00.0000,x3206.c0.r42.j28,none,x3102.c0.r42.j5,none,1,x3206-RIGHT,none,x3102-LEFT,none,local,1,1,R4K83A,25,23.3125582,"['x3206_RIGHT-x3207_LEFT', 'x3207_RIGHT-x3208_LEFT', 'x3208_RIGHT-x3209_LEFT', 'x11_FRONT-x3209_FRONT', 'x11_RIGHT-x3108_LEFT', 'x3108_RIGHT-x3107_LEFT', 'x3107_RIGHT-x3106_LEFT', 'x3106_RIGHT-x3105_LEFT', 'x3105_RIGHT-x3104_LEFT', 'x3104_RIGHT-x3103_LEFT', 'x3103_RIGHT-x3102_LEFT']"
3206.3101.00.0000,x3206.c0.r42.j27,none,x3101.c0.r42.j5,none,1,x3206-RIGHT,none,x3101-LEFT,none,local,1,1,R4K83A,25,24.1335207,"['x3206_RIGHT-x3207_LEFT', 'x3207_RIGHT-x3208_LEFT', 'x3208_RIGHT-x3209_LEFT', 'x11_FRONT-x3209_FRONT', 'x11_RIGHT-x3108_LEFT', 'x3108_RIGHT-x3107_LEFT', 'x3107_RIGHT-x3106_LEFT', 'x3106_RIGHT-x3105_LEFT', 'x3105_RIGHT-x3104_LEFT', 'x3104_RIGHT-x3103_LEFT', 'x3103_RIGHT-x3102_LEFT', 'x3102_RIGHT-x3101_LEFT']"
3205.3104.00.0000,x3205.c0.r42.j26,none,x3104.c0.r42.j4,none,1,x3205-RIGHT,none,x3104-LEFT,none,local,1,1,R4K84A,35,29.1913408,"['x3205_RIGHT-x3206_LEFT', 'x3206_RIGHT-x3207_LEFT', 'x3207_RIGHT-x3208_LEFT', 'x3208_RIGHT-x3209_LEFT', 'x11_FRONT-x3209_FRONT', 'x11_RIGHT-x3108_LEFT', 'x3108_RIGHT-x3107_LEFT', 'x3107_RIGHT-x3106_LEFT', 'x3106_RIGHT-x3105_LEFT', 'x3105_RIGHT-x3104_LEFT']"
3205.3103.00.0000,x3205.c0.r42.j25,none,x3103.c0.r42.j4,none,1,x3205-RIGHT,none,x3103-LEFT,none,local,1,1,R4K84A,35,30.0122482,"['x3205_RIGHT-x3206_LEFT', 'x3206_RIGHT-x3207_LEFT', 'x3207_RIGHT-x3208_LEFT', 'x3208_RIGHT-x3209_LEFT', 'x11_FRONT-x3209_FRONT', 'x11_RIGHT-x3108_LEFT', 'x3108_RIGHT-x3107_LEFT', 'x3107_RIGHT-x3106_LEFT', 'x3106_RIGHT-x3105_LEFT', 'x3105_RIGHT-x3104_LEFT', 'x3104_RIGHT-x3103_LEFT']"
3205.3102.00.0000,x3205.c0.r42.j28,none,x3102.c0.r42.j4,none,1,x3205-RIGHT,none,x3102-LEFT,none,local,1,1,R4K84A,35,30.8580106,"['x3205_RIGHT-x3206_LEFT', 'x3206_RIGHT-x3207_LEFT', 'x3207_RIGHT-x3208_LEFT', 'x3208_RIGHT-x3209_LEFT', 'x11_FRONT-x3209_FRONT', 'x11_RIGHT-x3108_LEFT', 'x3108_RIGHT-x3107_LEFT', 'x3107_RIGHT-x3106_LEFT', 'x3106_RIGHT-x3105_LEFT', 'x3105_RIGHT-x3104_LEFT', 'x3104_RIGHT-x3103_LEFT', 'x3103_RIGHT-x3102_LEFT']"
3205.3101.00.0000,x3205.c0.r42.j27,none,x3101.c0.r42.j4,none,1,x3205-RIGHT,none,x3101-LEFT,none,local,1,1,R4K84A,35,31.6789731,"['x3205_RIGHT-x3206_LEFT', 'x3206_RIGHT-x3207_LEFT', 'x3207_RIGHT-x3208_LEFT', 'x3208_RIGHT-x3209_LEFT', 'x11_FRONT-x3209_FRONT', 'x11_RIGHT-x3108_LEFT', 'x3108_RIGHT-x3107_LEFT', 'x3107_RIGHT-x3106_LEFT', 'x3106_RIGHT-x3105_LEFT', 'x3105_RIGHT-x3104_LEFT', 'x3104_RIGHT-x3103_LEFT', 'x3103_RIGHT-x3102_LEFT', 'x3102_RIGHT-x3101_LEFT']"
3208.3108.00.0000,x3208.c0.r42.j30,none,x3108.c0.r42.j8,none,1,x3208-RIGHT,none,x3108-LEFT,none,local,1,1,R4K82A,19,16.7421733,"['x3208_RIGHT-x3209_LEFT', 'x11_FRONT-x3209_FRONT', 'x11_RIGHT-x3108_LEFT']"
3208.3107.00.0000,x3208.c0.r42.j29,none,x3107.c0.r42.j8,none,1,x3208-RIGHT,none,x3107-LEFT,none,local,1,1,R4K82A,19,17.5631906,"['x3208_RIGHT-x3209_LEFT', 'x11_FRONT-x3209_FRONT', 'x11_RIGHT-x3108_LEFT', 'x3108_RIGHT-x3107_LEFT']"
3208.3106.00.0000,x3208.c0.r42.j32,none,x3106.c0.r42.j8,none,1,x3208-RIGHT,none,x3106-LEFT,none,local,1,1,R4K82A,19,18.4088586,"['x3208_RIGHT-x3209_LEFT', 'x11_FRONT-x3209_FRONT', 'x11_RIGHT-x3108_LEFT', 'x3108_RIGHT-x3107_LEFT', 'x3107_RIGHT-x3106_LEFT']"
3208.3105.00.0000,x3208.c0.r42.j31,none,x3105.c0.r42.j8,none,1,x3208-RIGHT,none,x3105-LEFT,none,local,1,1,R4K83A,25,19.2299186,"['x3208_RIGHT-x3209_LEFT', 'x11_FRONT-x3209_FRONT', 'x11_RIGHT-x3108_LEFT', 'x3108_RIGHT-x3107_LEFT', 'x3107_RIGHT-x3106_LEFT', 'x3106_RIGHT-x3105_LEFT']"
3207.3108.00.0000,x3207.c0.r42.j30,none,x3108.c0.r42.j6,none,1,x3207-RIGHT,none,x3108-LEFT,none,local,1,1,R4K82A,19,17.5870281,"['x3207_RIGHT-x3208_LEFT', 'x3208_RIGHT-x3209_LEFT', 'x11_FRONT-x3209_FRONT', 'x11_RIGHT-x3108_LEFT']"
3207.3107.00.0000,x3207.c0.r42.j29,none,x3107.c0.r42.j6,none,1,x3207-RIGHT,none,x3107-LEFT,none,local,1,1,R4K82A,19,18.4080454,"['x3207_RIGHT-x3208_LEFT', 'x3208_RIGHT-x3209_LEFT', 'x11_FRONT-x3209_FRONT', 'x11_RIGHT-x3108_LEFT', 'x3108_RIGHT-x3107_LEFT']"
3207.3106.00.0000,x3207.c0.r42.j32,none,x3106.c0.r42.j6,none,1,x3207-RIGHT,none,x3106-LEFT,none,local,1,1,R4K83A,25,19.2537134,"['x3207_RIGHT-x3208_LEFT', 'x3208_RIGHT-x3209_LEFT', 'x11_FRONT-x3209_FRONT', 'x11_RIGHT-x3108_LEFT', 'x3108_RIGHT-x3107_LEFT', 'x3107_RIGHT-x3106_LEFT']"
3207.3105.00.0000,x3207.c0.r42.j31,none,x3105.c0.r42.j6,none,1,x3207-RIGHT,none,x3105-LEFT,none,local,1,1,R4K83A,25,20.0747734,"['x3207_RIGHT-x3208_LEFT', 'x3208_RIGHT-x3209_LEFT', 'x11_FRONT-x3209_FRONT', 'x11_RIGHT-x3108_LEFT', 'x3108_RIGHT-x3107_LEFT', 'x3107_RIGHT-x3106_LEFT', 'x3106_RIGHT-x3105_LEFT']"
3206.3108.00.0000,x3206.c0.r42.j30,none,x3108.c0.r42.j5,none,1,x3206-RIGHT,none,x3108-LEFT,none,local,1,1,R4K82A,19,18.407905,"['x3206_RIGHT-x3207_LEFT', 'x3207_RIGHT-x3208_LEFT', 'x3208_RIGHT-x3209_LEFT', 'x11_FRONT-x3209_FRONT', 'x11_RIGHT-x3108_LEFT']"
3206.3107.00.0000,x3206.c0.r42.j29,none,x3107.c0.r42.j5,none,1,x3206-RIGHT,none,x3107-LEFT,none,local,1,1,R4K83A,25,19.2289223,"['x3206_RIGHT-x3207_LEFT', 'x3207_RIGHT-x3208_LEFT', 'x3208_RIGHT-x3209_LEFT', 'x11_FRONT-x3209_FRONT', 'x11_RIGHT-x3108_LEFT', 'x3108_RIGHT-x3107_LEFT']"
3206.3106.00.0000,x3206.c0.r42.j32,none,x3106.c0.r42.j5,none,1,x3206-RIGHT,none,x3106-LEFT,none,local,1,1,R4K83A,25,20.0745902,"['x3206_RIGHT-x3207_LEFT', 'x3207_RIGHT-x3208_LEFT', 'x3208_RIGHT-x3209_LEFT', 'x11_FRONT-x3209_FRONT', 'x11_RIGHT-x3108_LEFT', 'x3108_RIGHT-x3107_LEFT', 'x3107_RIGHT-x3106_LEFT']"
3206.3105.00.0000,x3206.c0.r42.j31,none,x3105.c0.r42.j5,none,1,x3206-RIGHT,none,x3105-LEFT,none,local,1,1,R4K83A,25,20.8956503,"['x3206_RIGHT-x3207_LEFT', 'x3207_RIGHT-x3208_LEFT', 'x3208_RIGHT-x3209_LEFT', 'x11_FRONT-x3209_FRONT', 'x11_RIGHT-x3108_LEFT', 'x3108_RIGHT-x3107_LEFT', 'x3107_RIGHT-x3106_LEFT', 'x3106_RIGHT-x3105_LEFT']"
3205.3108.00.0000,x3205.c0.r42.j30,none,x3108.c0.r42.j4,none,1,x3205-RIGHT,none,x3108-LEFT,none,local,1,1,R4K84A,35,25.9533574,"['x3205_RIGHT-x3206_LEFT', 'x3206_RIGHT-x3207_LEFT', 'x3207_RIGHT-x3208_LEFT', 'x3208_RIGHT-x3209_LEFT', 'x11_FRONT-x3209_FRONT', 'x11_RIGHT-x3108_LEFT']"
3205.3107.00.0000,x3205.c0.r42.j29,none,x3107.c0.r42.j4,none,1,x3205-RIGHT,none,x3107-LEFT,none,local,1,1,R4K84A,35,26.7743747,"['x3205_RIGHT-x3206_LEFT', 'x3206_RIGHT-x3207_LEFT', 'x3207_RIGHT-x3208_LEFT', 'x3208_RIGHT-x3209_LEFT', 'x11_FRONT-x3209_FRONT', 'x11_RIGHT-x3108_LEFT', 'x3108_RIGHT-x3107_LEFT']"
3205.3106.00.0000,x3205.c0.r42.j32,none,x3106.c0.r42.j4,none,1,x3205-RIGHT,none,x3106-LEFT,none,local,1,1,R4K84A,35,27.6200426,"['x3205_RIGHT-x3206_LEFT', 'x3206_RIGHT-x3207_LEFT', 'x3207_RIGHT-x3208_LEFT', 'x3208_RIGHT-x3209_LEFT', 'x11_FRONT-x3209_FRONT', 'x11_RIGHT-x3108_LEFT', 'x3108_RIGHT-x3107_LEFT', 'x3107_RIGHT-x3106_LEFT']"
3205.3105.00.0000,x3205.c0.r42.j31,none,x3105.c0.r42.j4,none,1,x3205-RIGHT,none,x3105-LEFT,none,local,1,1,R4K84A,35,28.4411027,"['x3205_RIGHT-x3206_LEFT', 'x3206_RIGHT-x3207_LEFT', 'x3207_RIGHT-x3208_LEFT', 'x3208_RIGHT-x3209_LEFT', 'x11_FRONT-x3209_FRONT', 'x11_RIGHT-x3108_LEFT', 'x3108_RIGHT-x3107_LEFT', 'x3107_RIGHT-x3106_LEFT', 'x3106_RIGHT-x3105_LEFT']"
3204.3104.00.0000,x3204.c0.r42.j26,none,x3104.c0.r42.j3,none,1,x3204-RIGHT,none,x3104-LEFT,none,local,1,1,R4K84A,35,30.0122838,"['x3204_RIGHT-x3205_LEFT', 'x3205_RIGHT-x3206_LEFT', 'x3206_RIGHT-x3207_LEFT', 'x3207_RIGHT-x3208_LEFT', 'x3208_RIGHT-x3209_LEFT', 'x11_FRONT-x3209_FRONT', 'x11_RIGHT-x3108_LEFT', 'x3108_RIGHT-x3107_LEFT', 'x3107_RIGHT-x3106_LEFT', 'x3106_RIGHT-x3105_LEFT', 'x3105_RIGHT-x3104_LEFT']"
3204.3103.00.0000,x3204.c0.r42.j25,none,x3103.c0.r42.j3,none,1,x3204-RIGHT,none,x3103-LEFT,none,local,1,1,R4K84A,35,30.8331912,"['x3204_RIGHT-x3205_LEFT', 'x3205_RIGHT-x3206_LEFT', 'x3206_RIGHT-x3207_LEFT', 'x3207_RIGHT-x3208_LEFT', 'x3208_RIGHT-x3209_LEFT', 'x11_FRONT-x3209_FRONT', 'x11_RIGHT-x3108_LEFT', 'x3108_RIGHT-x3107_LEFT', 'x3107_RIGHT-x3106_LEFT', 'x3106_RIGHT-x3105_LEFT', 'x3105_RIGHT-x3104_LEFT', 'x3104_RIGHT-x3103_LEFT']"
3204.3102.00.0000,x3204.c0.r42.j28,none,x3102.c0.r42.j3,none,1,x3204-RIGHT,none,x3102-LEFT,none,local,1,1,R4K84A,35,31.6789535,"['x3204_RIGHT-x3205_LEFT', 'x3205_RIGHT-x3206_LEFT', 'x3206_RIGHT-x3207_LEFT', 'x3207_RIGHT-x3208_LEFT', 'x3208_RIGHT-x3209_LEFT', 'x11_FRONT-x3209_FRONT', 'x11_RIGHT-x3108_LEFT', 'x3108_RIGHT-x3107_LEFT', 'x3107_RIGHT-x3106_LEFT', 'x3106_RIGHT-x3105_LEFT', 'x3105_RIGHT-x3104_LEFT', 'x3104_RIGHT-x3103_LEFT', 'x3103_RIGHT-x3102_LEFT']"
3204.3101.00.0000,x3204.c0.r42.j27,none,x3101.c0.r42.j3,none,1,x3204-RIGHT,none,x3101-LEFT,none,local,1,1,R4K84A,35,32.4999161,"['x3204_RIGHT-x3205_LEFT', 'x3205_RIGHT-x3206_LEFT', 'x3206_RIGHT-x3207_LEFT', 'x3207_RIGHT-x3208_LEFT', 'x3208_RIGHT-x3209_LEFT', 'x11_FRONT-x3209_FRONT', 'x11_RIGHT-x3108_LEFT', 'x3108_RIGHT-x3107_LEFT', 'x3107_RIGHT-x3106_LEFT', 'x3106_RIGHT-x3105_LEFT', 'x3105_RIGHT-x3104_LEFT', 'x3104_RIGHT-x3103_LEFT', 'x3103_RIGHT-x3102_LEFT', 'x3102_RIGHT-x3101_LEFT']"
3203.3104.00.0000,x3203.c0.r42.j26,none,x3104.c0.r42.j2,none,1,x3203-RIGHT,none,x3104-LEFT,none,local,1,1,R4K84A,35,30.8580158,"['x3203_RIGHT-x3204_LEFT', 'x3204_RIGHT-x3205_LEFT', 'x3205_RIGHT-x3206_LEFT', 'x3206_RIGHT-x3207_LEFT', 'x3207_RIGHT-x3208_LEFT', 'x3208_RIGHT-x3209_LEFT', 'x11_FRONT-x3209_FRONT', 'x11_RIGHT-x3108_LEFT', 'x3108_RIGHT-x3107_LEFT', 'x3107_RIGHT-x3106_LEFT', 'x3106_RIGHT-x3105_LEFT', 'x3105_RIGHT-x3104_LEFT']"
3203.3103.00.0000,x3203.c0.r42.j25,none,x3103.c0.r42.j2,none,1,x3203-RIGHT,none,x3103-LEFT,none,local,1,1,R4K84A,35,31.6789232,"['x3203_RIGHT-x3204_LEFT', 'x3204_RIGHT-x3205_LEFT', 'x3205_RIGHT-x3206_LEFT', 'x3206_RIGHT-x3207_LEFT', 'x3207_RIGHT-x3208_LEFT', 'x3208_RIGHT-x3209_LEFT', 'x11_FRONT-x3209_FRONT', 'x11_RIGHT-x3108_LEFT', 'x3108_RIGHT-x3107_LEFT', 'x3107_RIGHT-x3106_LEFT', 'x3106_RIGHT-x3105_LEFT', 'x3105_RIGHT-x3104_LEFT', 'x3104_RIGHT-x3103_LEFT']"
3203.3102.00.0000,x3203.c0.r42.j28,none,x3102.c0.r42.j2,none,1,x3203-RIGHT,none,x3102-LEFT,none,local,1,1,R4K84A,35,32.5246855,"['x3203_RIGHT-x3204_LEFT', 'x3204_RIGHT-x3205_LEFT', 'x3205_RIGHT-x3206_LEFT', 'x3206_RIGHT-x3207_LEFT', 'x3207_RIGHT-x3208_LEFT', 'x3208_RIGHT-x3209_LEFT', 'x11_FRONT-x3209_FRONT', 'x11_RIGHT-x3108_LEFT', 'x3108_RIGHT-x3107_LEFT', 'x3107_RIGHT-x3106_LEFT', 'x3106_RIGHT-x3105_LEFT', 'x3105_RIGHT-x3104_LEFT', 'x3104_RIGHT-x3103_LEFT', 'x3103_RIGHT-x3102_LEFT']"
3203.3101.00.0000,x3203.c0.r42.j27,none,x3101.c0.r42.j2,none,1,x3203-RIGHT,none,x3101-LEFT,none,local,1,1,R4K84A,35,33.3456481,"['x3203_RIGHT-x3204_LEFT', 'x3204_RIGHT-x3205_LEFT', 'x3205_RIGHT-x3206_LEFT', 'x3206_RIGHT-x3207_LEFT', 'x3207_RIGHT-x3208_LEFT', 'x3208_RIGHT-x3209_LEFT', 'x11_FRONT-x3209_FRONT', 'x11_RIGHT-x3108_LEFT', 'x3108_RIGHT-x3107_LEFT', 'x3107_RIGHT-x3106_LEFT', 'x3106_RIGHT-x3105_LEFT', 'x3105_RIGHT-x3104_LEFT', 'x3104_RIGHT-x3103_LEFT', 'x3103_RIGHT-x3102_LEFT', 'x3102_RIGHT-x3101_LEFT']"
3202.3104.00.0000,x3202.c0.r42.j26,none,x3104.c0.r42.j1,none,1,x3202-RIGHT,none,x3104-LEFT,none,local,1,1,R4K84A,35,31.6790097,"['x3202_RIGHT-x3203_LEFT', 'x3203_RIGHT-x3204_LEFT', 'x3204_RIGHT-x3205_LEFT', 'x3205_RIGHT-x3206_LEFT', 'x3206_RIGHT-x3207_LEFT', 'x3207_RIGHT-x3208_LEFT', 'x3208_RIGHT-x3209_LEFT', 'x11_FRONT-x3209_FRONT', 'x11_RIGHT-x3108_LEFT', 'x3108_RIGHT-x3107_LEFT', 'x3107_RIGHT-x3106_LEFT', 'x3106_RIGHT-x3105_LEFT', 'x3105_RIGHT-x3104_LEFT']"
3202.3103.00.0000,x3202.c0.r42.j25,none,x3103.c0.r42.j1,none,1,x3202-RIGHT,none,x3103-LEFT,none,local,1,1,R4K84A,35,32.4999171,"['x3202_RIGHT-x3203_LEFT', 'x3203_RIGHT-x3204_LEFT', 'x3204_RIGHT-x3205_LEFT', 'x3205_RIGHT-x3206_LEFT', 'x3206_RIGHT-x3207_LEFT', 'x3207_RIGHT-x3208_LEFT', 'x3208_RIGHT-x3209_LEFT', 'x11_FRONT-x3209_FRONT', 'x11_RIGHT-x3108_LEFT', 'x3108_RIGHT-x3107_LEFT', 'x3107_RIGHT-x3106_LEFT', 'x3106_RIGHT-x3105_LEFT', 'x3105_RIGHT-x3104_LEFT', 'x3104_RIGHT-x3103_LEFT']"
3202.3102.00.0000,x3202.c0.r42.j28,none,x3102.c0.r42.j1,none,1,x3202-RIGHT,none,x3102-LEFT,none,local,1,1,R4K84A,35,33.3456795,"['x3202_RIGHT-x3203_LEFT', 'x3203_RIGHT-x3204_LEFT', 'x3204_RIGHT-x3205_LEFT', 'x3205_RIGHT-x3206_LEFT', 'x3206_RIGHT-x3207_LEFT', 'x3207_RIGHT-x3208_LEFT', 'x3208_RIGHT-x3209_LEFT', 'x11_FRONT-x3209_FRONT', 'x11_RIGHT-x3108_LEFT', 'x3108_RIGHT-x3107_LEFT', 'x3107_RIGHT-x3106_LEFT', 'x3106_RIGHT-x3105_LEFT', 'x3105_RIGHT-x3104_LEFT', 'x3104_RIGHT-x3103_LEFT', 'x3103_RIGHT-x3102_LEFT']"
3202.3101.00.0000,x3202.c0.r42.j27,none,x3101.c0.r42.j1,none,1,x3202-RIGHT,none,x3101-LEFT,none,local,1,1,R4K84A,35,34.166642,"['x3202_RIGHT-x3203_LEFT', 'x3203_RIGHT-x3204_LEFT', 'x3204_RIGHT-x3205_LEFT', 'x3205_RIGHT-x3206_LEFT', 'x3206_RIGHT-x3207_LEFT', 'x3207_RIGHT-x3208_LEFT', 'x3208_RIGHT-x3209_LEFT', 'x11_FRONT-x3209_FRONT', 'x11_RIGHT-x3108_LEFT', 'x3108_RIGHT-x3107_LEFT', 'x3107_RIGHT-x3106_LEFT', 'x3106_RIGHT-x3105_LEFT', 'x3105_RIGHT-x3104_LEFT', 'x3104_RIGHT-x3103_LEFT', 'x3103_RIGHT-x3102_LEFT', 'x3102_RIGHT-x3101_LEFT']"
3201.3104.00.0000,x3201.c0.r42.j26,none,x3104.c0.r42.j26,none,1,x3201-RIGHT,none,x3104-LEFT,none,local,1,1,R4K84A,35,32.208662,"['x3201_RIGHT-x3202_LEFT', 'x3202_RIGHT-x3203_LEFT', 'x3203_RIGHT-x3204_LEFT', 'x3204_RIGHT-x3205_LEFT', 'x3205_RIGHT-x3206_LEFT', 'x3206_RIGHT-x3207_LEFT', 'x3207_RIGHT-x3208_LEFT', 'x3208_RIGHT-x3209_LEFT', 'x11_FRONT-x3209_FRONT', 'x11_RIGHT-x3108_LEFT', 'x3108_RIGHT-x3107_LEFT', 'x3107_RIGHT-x3106_LEFT', 'x3106_RIGHT-x3105_LEFT', 'x3105_RIGHT-x3104_LEFT']"
3201.3103.00.0000,x3201.c0.r42.j25,none,x3103.c0.r42.j26,none,1,x3201-RIGHT,none,x3103-LEFT,none,local,1,1,R4K84A,35,33.0295694,"['x3201_RIGHT-x3202_LEFT', 'x3202_RIGHT-x3203_LEFT', 'x3203_RIGHT-x3204_LEFT', 'x3204_RIGHT-x3205_LEFT', 'x3205_RIGHT-x3206_LEFT', 'x3206_RIGHT-x3207_LEFT', 'x3207_RIGHT-x3208_LEFT', 'x3208_RIGHT-x3209_LEFT', 'x11_FRONT-x3209_FRONT', 'x11_RIGHT-x3108_LEFT', 'x3108_RIGHT-x3107_LEFT', 'x3107_RIGHT-x3106_LEFT', 'x3106_RIGHT-x3105_LEFT', 'x3105_RIGHT-x3104_LEFT', 'x3104_RIGHT-x3103_LEFT']"
3201.3102.00.0000,x3201.c0.r42.j28,none,x3102.c0.r42.j26,none,1,x3201-RIGHT,none,x3102-LEFT,none,local,1,1,R4K84A,35,33.8753318,"['x3201_RIGHT-x3202_LEFT', 'x3202_RIGHT-x3203_LEFT', 'x3203_RIGHT-x3204_LEFT', 'x3204_RIGHT-x3205_LEFT', 'x3205_RIGHT-x3206_LEFT', 'x3206_RIGHT-x3207_LEFT', 'x3207_RIGHT-x3208_LEFT', 'x3208_RIGHT-x3209_LEFT', 'x11_FRONT-x3209_FRONT', 'x11_RIGHT-x3108_LEFT', 'x3108_RIGHT-x3107_LEFT', 'x3107_RIGHT-x3106_LEFT', 'x3106_RIGHT-x3105_LEFT', 'x3105_RIGHT-x3104_LEFT', 'x3104_RIGHT-x3103_LEFT', 'x3103_RIGHT-x3102_LEFT']"
3201.3101.00.0000,x3201.c0.r42.j27,none,x3101.c0.r42.j26,none,1,x3201-RIGHT,none,x3101-LEFT,none,local,1,1,R4K84A,35,34.6962943,"['x3201_RIGHT-x3202_LEFT', 'x3202_RIGHT-x3203_LEFT', 'x3203_RIGHT-x3204_LEFT', 'x3204_RIGHT-x3205_LEFT', 'x3205_RIGHT-x3206_LEFT', 'x3206_RIGHT-x3207_LEFT', 'x3207_RIGHT-x3208_LEFT', 'x3208_RIGHT-x3209_LEFT', 'x11_FRONT-x3209_FRONT', 'x11_RIGHT-x3108_LEFT', 'x3108_RIGHT-x3107_LEFT', 'x3107_RIGHT-x3106_LEFT', 'x3106_RIGHT-x3105_LEFT', 'x3105_RIGHT-x3104_LEFT', 'x3104_RIGHT-x3103_LEFT', 'x3103_RIGHT-x3102_LEFT', 'x3102_RIGHT-x3101_LEFT']"
3208.3204.00.0000,x3208.c0.r42.j4,none,x3204.c0.r42.j8,none,1,x3208-LEFT,none,x3204-RIGHT,none,local,1,1,R4K81A,14,10.9668603,"['x3207_RIGHT-x3208_LEFT', 'x3206_RIGHT-x3207_LEFT', 'x3205_RIGHT-x3206_LEFT', 'x3204_RIGHT-x3205_LEFT']"
3208.3203.00.0000,x3208.c0.r42.j5,none,x3203.c0.r42.j8,none,1,x3208-LEFT,none,x3203-RIGHT,none,local,1,1,R4K81A,14,11.7616069,"['x3207_RIGHT-x3208_LEFT', 'x3206_RIGHT-x3207_LEFT', 'x3205_RIGHT-x3206_LEFT', 'x3204_RIGHT-x3205_LEFT', 'x3203_RIGHT-x3204_LEFT']"
3208.3202.00.0000,x3208.c0.r42.j6,none,x3202.c0.r42.j8,none,1,x3208-LEFT,none,x3202-RIGHT,none,local,1,1,R4K81A,14,12.5843292,"['x3207_RIGHT-x3208_LEFT', 'x3206_RIGHT-x3207_LEFT', 'x3205_RIGHT-x3206_LEFT', 'x3204_RIGHT-x3205_LEFT', 'x3203_RIGHT-x3204_LEFT', 'x3202_RIGHT-x3203_LEFT']"
3208.3201.00.0000,x3208.c0.r42.j8,none,x3201.c0.r42.j8,none,1,x3208-LEFT,none,x3201-RIGHT,none,local,1,1,R4K81A,14,13.3830736,"['x3207_RIGHT-x3208_LEFT', 'x3206_RIGHT-x3207_LEFT', 'x3205_RIGHT-x3206_LEFT', 'x3204_RIGHT-x3205_LEFT', 'x3203_RIGHT-x3204_LEFT', 'x3202_RIGHT-x3203_LEFT', 'x3201_RIGHT-x3202_LEFT']"
3207.3204.00.0000,x3207.c0.r42.j4,none,x3204.c0.r42.j6,none,1,x3207-LEFT,none,x3204-RIGHT,none,local,1,1,R4K81A,14,10.1225834,"['x3206_RIGHT-x3207_LEFT', 'x3205_RIGHT-x3206_LEFT', 'x3204_RIGHT-x3205_LEFT']"
3207.3203.00.0000,x3207.c0.r42.j5,none,x3203.c0.r42.j6,none,1,x3207-LEFT,none,x3203-RIGHT,none,local,1,1,R4K81A,14,10.9173301,"['x3206_RIGHT-x3207_LEFT', 'x3205_RIGHT-x3206_LEFT', 'x3204_RIGHT-x3205_LEFT', 'x3203_RIGHT-x3204_LEFT']"
3207.3202.00.0000,x3207.c0.r42.j6,none,x3202.c0.r42.j6,none,1,x3207-LEFT,none,x3202-RIGHT,none,local,1,1,R4K81A,14,11.7400524,"['x3206_RIGHT-x3207_LEFT', 'x3205_RIGHT-x3206_LEFT', 'x3204_RIGHT-x3205_LEFT', 'x3203_RIGHT-x3204_LEFT', 'x3202_RIGHT-x3203_LEFT']"
3207.3201.00.0000,x3207.c0.r42.j8,none,x3201.c0.r42.j6,none,1,x3207-LEFT,none,x3201-RIGHT,none,local,1,1,R4K81A,14,12.5387968,"['x3206_RIGHT-x3207_LEFT', 'x3205_RIGHT-x3206_LEFT', 'x3204_RIGHT-x3205_LEFT', 'x3203_RIGHT-x3204_LEFT', 'x3202_RIGHT-x3203_LEFT', 'x3201_RIGHT-x3202_LEFT']"
3206.3204.00.0000,x3206.c0.r42.j4,none,x3204.c0.r42.j5,none,1,x3206-LEFT,none,x3204-RIGHT,none,local,1,1,R4K80A,10,9.2978177,"['x3205_RIGHT-x3206_LEFT', 'x3204_RIGHT-x3205_LEFT']"
3206.3203.00.0000,x3206.c0.r42.j5,none,x3203.c0.r42.j5,none,1,x3206-LEFT,none,x3203-RIGHT,none,local,1,1,R4K81A,14,10.0925643,"['x3205_RIGHT-x3206_LEFT', 'x3204_RIGHT-x3205_LEFT', 'x3203_RIGHT-x3204_LEFT']"
3206.3202.00.0000,x3206.c0.r42.j6,none,x3202.c0.r42.j5,none,1,x3206-LEFT,none,x3202-RIGHT,none,local,1,1,R4K81A,14,10.9152867,"['x3205_RIGHT-x3206_LEFT', 'x3204_RIGHT-x3205_LEFT', 'x3203_RIGHT-x3204_LEFT', 'x3202_RIGHT-x3203_LEFT']"
3206.3201.00.0000,x3206.c0.r42.j8,none,x3201.c0.r42.j5,none,1,x3206-LEFT,none,x3201-RIGHT,none,local,1,1,R4K81A,14,11.7140311,"['x3205_RIGHT-x3206_LEFT', 'x3204_RIGHT-x3205_LEFT', 'x3203_RIGHT-x3204_LEFT', 'x3202_RIGHT-x3203_LEFT', 'x3201_RIGHT-x3202_LEFT']"
3205.3204.00.0000,x3205.c0.r42.j4,none,x3204.c0.r42.j4,none,1,x3205-LEFT,none,x3204-RIGHT,none,local,1,1,R4K61A,1.42,1.2962484,['x3204_RIGHT-x3205_LEFT']
3205.3203.00.0000,x3205.c0.r42.j5,none,x3203.c0.r42.j4,none,1,x3205-LEFT,none,x3203-RIGHT,none,local,1,1,R4K78A,5,2.5521148,"['x3204_RIGHT-x3205_LEFT', 'x3203_RIGHT-x3204_LEFT']"
3205.3202.00.0000,x3205.c0.r42.j6,none,x3202.c0.r42.j4,none,1,x3205-LEFT,none,x3202-RIGHT,none,local,1,1,R4K78A,5,3.3748372,"['x3204_RIGHT-x3205_LEFT', 'x3203_RIGHT-x3204_LEFT', 'x3202_RIGHT-x3203_LEFT']"
3205.3201.00.0000,x3205.c0.r42.j8,none,x3201.c0.r42.j4,none,1,x3205-LEFT,none,x3201-RIGHT,none,local,1,1,R4K78A,5,4.1735816,"['x3204_RIGHT-x3205_LEFT', 'x3203_RIGHT-x3204_LEFT', 'x3202_RIGHT-x3203_LEFT', 'x3201_RIGHT-x3202_LEFT']"
3204.3108.00.0000,x3204.c0.r42.j30,none,x3108.c0.r42.j3,none,1,x3204-RIGHT,none,x3108-LEFT,none,local,1,1,R4K84A,35,26.7743003,"['x3204_RIGHT-x3205_LEFT', 'x3205_RIGHT-x3206_LEFT', 'x3206_RIGHT-x3207_LEFT', 'x3207_RIGHT-x3208_LEFT', 'x3208_RIGHT-x3209_LEFT', 'x11_FRONT-x3209_FRONT', 'x11_RIGHT-x3108_LEFT']"
3204.3107.00.0000,x3204.c0.r42.j29,none,x3107.c0.r42.j3,none,1,x3204-RIGHT,none,x3107-LEFT,none,local,1,1,R4K84A,35,27.5953177,"['x3204_RIGHT-x3205_LEFT', 'x3205_RIGHT-x3206_LEFT', 'x3206_RIGHT-x3207_LEFT', 'x3207_RIGHT-x3208_LEFT', 'x3208_RIGHT-x3209_LEFT', 'x11_FRONT-x3209_FRONT', 'x11_RIGHT-x3108_LEFT', 'x3108_RIGHT-x3107_LEFT']"
3204.3106.00.0000,x3204.c0.r42.j32,none,x3106.c0.r42.j3,none,1,x3204-RIGHT,none,x3106-LEFT,none,local,1,1,R4K84A,35,28.4409856,"['x3204_RIGHT-x3205_LEFT', 'x3205_RIGHT-x3206_LEFT', 'x3206_RIGHT-x3207_LEFT', 'x3207_RIGHT-x3208_LEFT', 'x3208_RIGHT-x3209_LEFT', 'x11_FRONT-x3209_FRONT', 'x11_RIGHT-x3108_LEFT', 'x3108_RIGHT-x3107_LEFT', 'x3107_RIGHT-x3106_LEFT']"
3204.3105.00.0000,x3204.c0.r42.j31,none,x3105.c0.r42.j3,none,1,x3204-RIGHT,none,x3105-LEFT,none,local,1,1,R4K84A,35,29.2620456,"['x3204_RIGHT-x3205_LEFT', 'x3205_RIGHT-x3206_LEFT', 'x3206_RIGHT-x3207_LEFT', 'x3207_RIGHT-x3208_LEFT', 'x3208_RIGHT-x3209_LEFT', 'x11_FRONT-x3209_FRONT', 'x11_RIGHT-x3108_LEFT', 'x3108_RIGHT-x3107_LEFT', 'x3107_RIGHT-x3106_LEFT', 'x3106_RIGHT-x3105_LEFT']"
3203.3108.00.0000,x3203.c0.r42.j30,none,x3108.c0.r42.j2,none,1,x3203-RIGHT,none,x3108-LEFT,none,local,1,1,R4K84A,35,27.6200323,"['x3203_RIGHT-x3204_LEFT', 'x3204_RIGHT-x3205_LEFT', 'x3205_RIGHT-x3206_LEFT', 'x3206_RIGHT-x3207_LEFT', 'x3207_RIGHT-x3208_LEFT', 'x3208_RIGHT-x3209_LEFT', 'x11_FRONT-x3209_FRONT', 'x11_RIGHT-x3108_LEFT']"
3203.3107.00.0000,x3203.c0.r42.j29,none,x3107.c0.r42.j2,none,1,x3203-RIGHT,none,x3107-LEFT,none,local,1,1,R4K84A,35,28.4410497,"['x3203_RIGHT-x3204_LEFT', 'x3204_RIGHT-x3205_LEFT', 'x3205_RIGHT-x3206_LEFT', 'x3206_RIGHT-x3207_LEFT', 'x3207_RIGHT-x3208_LEFT', 'x3208_RIGHT-x3209_LEFT', 'x11_FRONT-x3209_FRONT', 'x11_RIGHT-x3108_LEFT', 'x3108_RIGHT-x3107_LEFT']"
3203.3106.00.0000,x3203.c0.r42.j32,none,x3106.c0.r42.j2,none,1,x3203-RIGHT,none,x3106-LEFT,none,local,1,1,R4K84A,35,29.2867176,"['x3203_RIGHT-x3204_LEFT', 'x3204_RIGHT-x3205_LEFT', 'x3205_RIGHT-x3206_LEFT', 'x3206_RIGHT-x3207_LEFT', 'x3207_RIGHT-x3208_LEFT', 'x3208_RIGHT-x3209_LEFT', 'x11_FRONT-x3209_FRONT', 'x11_RIGHT-x3108_LEFT', 'x3108_RIGHT-x3107_LEFT', 'x3107_RIGHT-x3106_LEFT']"
3203.3105.00.0000,x3203.c0.r42.j31,none,x3105.c0.r42.j2,none,1,x3203-RIGHT,none,x3105-LEFT,none,local,1,1,R4K84A,35,30.1077777,"['x3203_RIGHT-x3204_LEFT', 'x3204_RIGHT-x3205_LEFT', 'x3205_RIGHT-x3206_LEFT', 'x3206_RIGHT-x3207_LEFT', 'x3207_RIGHT-x3208_LEFT', 'x3208_RIGHT-x3209_LEFT', 'x11_FRONT-x3209_FRONT', 'x11_RIGHT-x3108_LEFT', 'x3108_RIGHT-x3107_LEFT', 'x3107_RIGHT-x3106_LEFT', 'x3106_RIGHT-x3105_LEFT']"
3202.3108.00.0000,x3202.c0.r42.j30,none,x3108.c0.r42.j1,none,1,x3202-RIGHT,none,x3108-LEFT,none,local,1,1,R4K84A,35,28.4410263,"['x3202_RIGHT-x3203_LEFT', 'x3203_RIGHT-x3204_LEFT', 'x3204_RIGHT-x3205_LEFT', 'x3205_RIGHT-x3206_LEFT', 'x3206_RIGHT-x3207_LEFT', 'x3207_RIGHT-x3208_LEFT', 'x3208_RIGHT-x3209_LEFT', 'x11_FRONT-x3209_FRONT', 'x11_RIGHT-x3108_LEFT']"
3202.3107.00.0000,x3202.c0.r42.j29,none,x3107.c0.r42.j1,none,1,x3202-RIGHT,none,x3107-LEFT,none,local,1,1,R4K84A,35,29.2620436,"['x3202_RIGHT-x3203_LEFT', 'x3203_RIGHT-x3204_LEFT', 'x3204_RIGHT-x3205_LEFT', 'x3205_RIGHT-x3206_LEFT', 'x3206_RIGHT-x3207_LEFT', 'x3207_RIGHT-x3208_LEFT', 'x3208_RIGHT-x3209_LEFT', 'x11_FRONT-x3209_FRONT', 'x11_RIGHT-x3108_LEFT', 'x3108_RIGHT-x3107_LEFT']"
3202.3106.00.0000,x3202.c0.r42.j32,none,x3106.c0.r42.j1,none,1,x3202-RIGHT,none,x3106-LEFT,none,local,1,1,R4K84A,35,30.1077115,"['x3202_RIGHT-x3203_LEFT', 'x3203_RIGHT-x3204_LEFT', 'x3204_RIGHT-x3205_LEFT', 'x3205_RIGHT-x3206_LEFT', 'x3206_RIGHT-x3207_LEFT', 'x3207_RIGHT-x3208_LEFT', 'x3208_RIGHT-x3209_LEFT', 'x11_FRONT-x3209_FRONT', 'x11_RIGHT-x3108_LEFT', 'x3108_RIGHT-x3107_LEFT', 'x3107_RIGHT-x3106_LEFT']"
3202.3105.00.0000,x3202.c0.r42.j31,none,x3105.c0.r42.j1,none,1,x3202-RIGHT,none,x3105-LEFT,none,local,1,1,R4K84A,35,30.9287716,"['x3202_RIGHT-x3203_LEFT', 'x3203_RIGHT-x3204_LEFT', 'x3204_RIGHT-x3205_LEFT', 'x3205_RIGHT-x3206_LEFT', 'x3206_RIGHT-x3207_LEFT', 'x3207_RIGHT-x3208_LEFT', 'x3208_RIGHT-x3209_LEFT', 'x11_FRONT-x3209_FRONT', 'x11_RIGHT-x3108_LEFT', 'x3108_RIGHT-x3107_LEFT', 'x3107_RIGHT-x3106_LEFT', 'x3106_RIGHT-x3105_LEFT']"
3201.3108.00.0000,x3201.c0.r42.j30,none,x3108.c0.r42.j26,none,1,x3201-RIGHT,none,x3108-LEFT,none,local,1,1,R4K84A,35,28.9706786,"['x3201_RIGHT-x3202_LEFT', 'x3202_RIGHT-x3203_LEFT', 'x3203_RIGHT-x3204_LEFT', 'x3204_RIGHT-x3205_LEFT', 'x3205_RIGHT-x3206_LEFT', 'x3206_RIGHT-x3207_LEFT', 'x3207_RIGHT-x3208_LEFT', 'x3208_RIGHT-x3209_LEFT', 'x11_FRONT-x3209_FRONT', 'x11_RIGHT-x3108_LEFT']"
3201.3107.00.0000,x3201.c0.r42.j29,none,x3107.c0.r42.j26,none,1,x3201-RIGHT,none,x3107-LEFT,none,local,1,1,R4K84A,35,29.7916959,"['x3201_RIGHT-x3202_LEFT', 'x3202_RIGHT-x3203_LEFT', 'x3203_RIGHT-x3204_LEFT', 'x3204_RIGHT-x3205_LEFT', 'x3205_RIGHT-x3206_LEFT', 'x3206_RIGHT-x3207_LEFT', 'x3207_RIGHT-x3208_LEFT', 'x3208_RIGHT-x3209_LEFT', 'x11_FRONT-x3209_FRONT', 'x11_RIGHT-x3108_LEFT', 'x3108_RIGHT-x3107_LEFT']"
3201.3106.00.0000,x3201.c0.r42.j32,none,x3106.c0.r42.j26,none,1,x3201-RIGHT,none,x3106-LEFT,none,local,1,1,R4K84A,35,30.6373639,"['x3201_RIGHT-x3202_LEFT', 'x3202_RIGHT-x3203_LEFT', 'x3203_RIGHT-x3204_LEFT', 'x3204_RIGHT-x3205_LEFT', 'x3205_RIGHT-x3206_LEFT', 'x3206_RIGHT-x3207_LEFT', 'x3207_RIGHT-x3208_LEFT', 'x3208_RIGHT-x3209_LEFT', 'x11_FRONT-x3209_FRONT', 'x11_RIGHT-x3108_LEFT', 'x3108_RIGHT-x3107_LEFT', 'x3107_RIGHT-x3106_LEFT']"
3201.3105.00.0000,x3201.c0.r42.j31,none,x3105.c0.r42.j26,none,1,x3201-RIGHT,none,x3105-LEFT,none,local,1,1,R4K84A,35,31.4584239,"['x3201_RIGHT-x3202_LEFT', 'x3202_RIGHT-x3203_LEFT', 'x3203_RIGHT-x3204_LEFT', 'x3204_RIGHT-x3205_LEFT', 'x3205_RIGHT-x3206_LEFT', 'x3206_RIGHT-x3207_LEFT', 'x3207_RIGHT-x3208_LEFT', 'x3208_RIGHT-x3209_LEFT', 'x11_FRONT-x3209_FRONT', 'x11_RIGHT-x3108_LEFT', 'x3108_RIGHT-x3107_LEFT', 'x3107_RIGHT-x3106_LEFT', 'x3106_RIGHT-x3105_LEFT']"
3108.3104.00.0000,x3108.c0.r42.j25,none,x3104.c0.r42.j25,none,1,x3108-RIGHT,none,x3104-LEFT,none,local,1,1,R4K78A,5,4.2178506,"['x3108_RIGHT-x3107_LEFT', 'x3107_RIGHT-x3106_LEFT', 'x3106_RIGHT-x3105_LEFT', 'x3105_RIGHT-x3104_LEFT']"
3108.3103.00.0000,x3108.c0.r42.j27,none,x3103.c0.r42.j25,none,1,x3108-RIGHT,none,x3103-LEFT,none,local,1,1,R4K79A,7,5.0627759,"['x3108_RIGHT-x3107_LEFT', 'x3107_RIGHT-x3106_LEFT', 'x3106_RIGHT-x3105_LEFT', 'x3105_RIGHT-x3104_LEFT', 'x3104_RIGHT-x3103_LEFT']"
3108.3102.00.0000,x3108.c0.r42.j28,none,x3102.c0.r42.j25,none,1,x3108-RIGHT,none,x3102-LEFT,none,local,1,1,R4K79A,7,5.8854126,"['x3108_RIGHT-x3107_LEFT', 'x3107_RIGHT-x3106_LEFT', 'x3106_RIGHT-x3105_LEFT', 'x3105_RIGHT-x3104_LEFT', 'x3104_RIGHT-x3103_LEFT', 'x3103_RIGHT-x3102_LEFT']"
3108.3101.00.0000,x3108.c0.r42.j30,none,x3101.c0.r42.j25,none,1,x3108-RIGHT,none,x3101-LEFT,none,local,1,1,R4K79A,7,6.7333566,"['x3108_RIGHT-x3107_LEFT', 'x3107_RIGHT-x3106_LEFT', 'x3106_RIGHT-x3105_LEFT', 'x3105_RIGHT-x3104_LEFT', 'x3104_RIGHT-x3103_LEFT', 'x3103_RIGHT-x3102_LEFT', 'x3102_RIGHT-x3101_LEFT']"
3107.3104.00.0000,x3107.c0.r42.j25,none,x3104.c0.r42.j28,none,1,x3107-RIGHT,none,x3104-LEFT,none,local,1,1,R4K78A,5,3.3775507,"['x3107_RIGHT-x3106_LEFT', 'x3106_RIGHT-x3105_LEFT', 'x3105_RIGHT-x3104_LEFT']"
3107.3103.00.0000,x3107.c0.r42.j27,none,x3103.c0.r42.j28,none,1,x3107-RIGHT,none,x3103-LEFT,none,local,1,1,R4K78A,5,4.222476,"['x3107_RIGHT-x3106_LEFT', 'x3106_RIGHT-x3105_LEFT', 'x3105_RIGHT-x3104_LEFT', 'x3104_RIGHT-x3103_LEFT']"
3107.3102.00.0000,x3107.c0.r42.j28,none,x3102.c0.r42.j28,none,1,x3107-RIGHT,none,x3102-LEFT,none,local,1,1,R4K79A,7,5.0451127,"['x3107_RIGHT-x3106_LEFT', 'x3106_RIGHT-x3105_LEFT', 'x3105_RIGHT-x3104_LEFT', 'x3104_RIGHT-x3103_LEFT', 'x3103_RIGHT-x3102_LEFT']"
3107.3101.00.0000,x3107.c0.r42.j30,none,x3101.c0.r42.j28,none,1,x3107-RIGHT,none,x3101-LEFT,none,local,1,1,R4K79A,7,5.8930567,"['x3107_RIGHT-x3106_LEFT', 'x3106_RIGHT-x3105_LEFT', 'x3105_RIGHT-x3104_LEFT', 'x3104_RIGHT-x3103_LEFT', 'x3103_RIGHT-x3102_LEFT', 'x3102_RIGHT-x3101_LEFT']"
3106.3104.00.0000,x3106.c0.r42.j25,none,x3104.c0.r42.j27,none,1,x3106-RIGHT,none,x3104-LEFT,none,local,1,1,R4K78A,5,2.5513924,"['x3106_RIGHT-x3105_LEFT', 'x3105_RIGHT-x3104_LEFT']"
3106.3103.00.0000,x3106.c0.r42.j27,none,x3103.c0.r42.j27,none,1,x3106-RIGHT,none,x3103-LEFT,none,local,1,1,R4K78A,5,3.3963177,"['x3106_RIGHT-x3105_LEFT', 'x3105_RIGHT-x3104_LEFT', 'x3104_RIGHT-x3103_LEFT']"
3106.3102.00.0000,x3106.c0.r42.j28,none,x3102.c0.r42.j27,none,1,x3106-RIGHT,none,x3102-LEFT,none,local,1,1,R4K78A,5,4.2189543,"['x3106_RIGHT-x3105_LEFT', 'x3105_RIGHT-x3104_LEFT', 'x3104_RIGHT-x3103_LEFT', 'x3103_RIGHT-x3102_LEFT']"
3106.3101.00.0000,x3106.c0.r42.j30,none,x3101.c0.r42.j27,none,1,x3106-RIGHT,none,x3101-LEFT,none,local,1,1,R4K79A,7,5.0668983,"['x3106_RIGHT-x3105_LEFT', 'x3105_RIGHT-x3104_LEFT', 'x3104_RIGHT-x3103_LEFT', 'x3103_RIGHT-x3102_LEFT', 'x3102_RIGHT-x3101_LEFT']"
3105.3104.00.0000,x3105.c0.r42.j25,none,x3104.c0.r42.j30,none,1,x3105-RIGHT,none,x3104-LEFT,none,local,1,1,R4K61A,1.42,1.2495386,['x3105_RIGHT-x3104_LEFT']
3105.3103.00.0000,x3105.c0.r42.j27,none,x3103.c0.r42.j30,none,1,x3105-RIGHT,none,x3103-LEFT,none,local,1,1,R4K78A,5,2.5555837,"['x3105_RIGHT-x3104_LEFT', 'x3104_RIGHT-x3103_LEFT']"
3105.3102.00.0000,x3105.c0.r42.j28,none,x3102.c0.r42.j30,none,1,x3105-RIGHT,none,x3102-LEFT,none,local,1,1,R4K78A,5,3.3782203,"['x3105_RIGHT-x3104_LEFT', 'x3104_RIGHT-x3103_LEFT', 'x3103_RIGHT-x3102_LEFT']"
3105.3101.00.0000,x3105.c0.r42.j30,none,x3101.c0.r42.j30,none,1,x3105-RIGHT,none,x3101-LEFT,none,local,1,1,R4K78A,5,4.2261643,"['x3105_RIGHT-x3104_LEFT', 'x3104_RIGHT-x3103_LEFT', 'x3103_RIGHT-x3102_LEFT', 'x3102_RIGHT-x3101_LEFT']"
3205.3206.00.0000,x3205.c0.r42.j1,none,x3206.c0.r42.j1,none,1,x3205-RIGHT,none,x3206-LEFT,none,local,1,1,R4K80A,10,8.4496069,['x3205_RIGHT-x3206_LEFT']
3205.3207.00.0000,x3205.c0.r42.j2,none,x3207.c0.r42.j1,none,1,x3205-RIGHT,none,x3207-LEFT,none,local,1,1,R4K80A,10,9.2767996,"['x3205_RIGHT-x3206_LEFT', 'x3206_RIGHT-x3207_LEFT']"
3205.3208.00.0000,x3205.c0.r42.j3,none,x3208.c0.r42.j1,none,1,x3205-RIGHT,none,x3208-LEFT,none,local,1,1,R4K81A,14,10.1159261,"['x3205_RIGHT-x3206_LEFT', 'x3206_RIGHT-x3207_LEFT', 'x3207_RIGHT-x3208_LEFT']"
3206.3207.00.0000,x3206.c0.r42.j2,none,x3207.c0.r42.j2,none,1,x3206-RIGHT,none,x3207-LEFT,none,local,1,1,R4K78A,5,1.2980861,['x3206_RIGHT-x3207_LEFT']
3206.3208.00.0000,x3206.c0.r42.j3,none,x3208.c0.r42.j2,none,1,x3206-RIGHT,none,x3208-LEFT,none,local,1,1,R4K78A,5,2.5983324,"['x3206_RIGHT-x3207_LEFT', 'x3207_RIGHT-x3208_LEFT']"
3207.3208.00.0000,x3207.c0.r42.j3,none,x3208.c0.r42.j3,none,1,x3207-RIGHT,none,x3208-LEFT,none,local,1,1,R4K61A,1.42,1.2914806,['x3207_RIGHT-x3208_LEFT']
3201.3202.00.0000,x3201.c0.r42.j1,none,x3202.c0.r42.j1,none,1,x3201-RIGHT,none,x3202-LEFT,none,local,1,1,R4K61A,1.42,1.2918873,['x3201_RIGHT-x3202_LEFT']
3201.3203.00.0000,x3201.c0.r42.j2,none,x3203.c0.r42.j1,none,1,x3201-RIGHT,none,x3203-LEFT,none,local,1,1,R4K78A,5,2.5801998,"['x3201_RIGHT-x3202_LEFT', 'x3202_RIGHT-x3203_LEFT']"
3201.3204.00.0000,x3201.c0.r42.j3,none,x3204.c0.r42.j1,none,1,x3201-RIGHT,none,x3204-LEFT,none,local,1,1,R4K78A,5,3.4193263,"['x3201_RIGHT-x3202_LEFT', 'x3202_RIGHT-x3203_LEFT', 'x3203_RIGHT-x3204_LEFT']"
3202.3203.00.0000,x3202.c0.r42.j2,none,x3203.c0.r42.j2,none,1,x3202-RIGHT,none,x3203-LEFT,none,local,1,1,R4K78A,5,1.2980861,['x3202_RIGHT-x3203_LEFT']
3202.3204.00.0000,x3202.c0.r42.j3,none,x3204.c0.r42.j2,none,1,x3202-RIGHT,none,x3204-LEFT,none,local,1,1,R4K78A,5,2.5983324,"['x3202_RIGHT-x3203_LEFT', 'x3203_RIGHT-x3204_LEFT']"
3203.3204.00.0000,x3203.c0.r42.j3,none,x3204.c0.r42.j3,none,1,x3203-RIGHT,none,x3204-LEFT,none,local,1,1,R4K61A,1.42,1.2914806,['x3203_RIGHT-x3204_LEFT']
3105.3106.00.0000,x3105.c0.r42.j31,none,x3106.c0.r42.j31,none,1,x3105-LEFT,none,x3106-RIGHT,none,local,1,1,R4K61A,1.42,1.2941456,['x3106_RIGHT-x3105_LEFT']
3105.3107.00.0000,x3105.c0.r42.j32,none,x3107.c0.r42.j31,none,1,x3105-LEFT,none,x3107-RIGHT,none,local,1,1,R4K78A,5,2.5881052,"['x3106_RIGHT-x3105_LEFT', 'x3107_RIGHT-x3106_LEFT']"
3105.3108.00.0000,x3105.c0.r42.j29,none,x3108.c0.r42.j31,none,1,x3105-LEFT,none,x3108-RIGHT,none,local,1,1,R4K78A,5,3.4201054,"['x3106_RIGHT-x3105_LEFT', 'x3107_RIGHT-x3106_LEFT', 'x3108_RIGHT-x3107_LEFT']"
3106.3107.00.0000,x3106.c0.r42.j32,none,x3107.c0.r42.j32,none,1,x3106-LEFT,none,x3107-RIGHT,none,local,1,1,R4K78A,5,1.3059254,['x3107_RIGHT-x3106_LEFT']
3106.3108.00.0000,x3106.c0.r42.j29,none,x3108.c0.r42.j32,none,1,x3106-LEFT,none,x3108-RIGHT,none,local,1,1,R4K78A,5,2.5990453,"['x3107_RIGHT-x3106_LEFT', 'x3108_RIGHT-x3107_LEFT']"
3107.3108.00.0000,x3107.c0.r42.j29,none,x3108.c0.r42.j29,none,1,x3107-LEFT,none,x3108-RIGHT,none,local,1,1,R4K61A,1.42,1.2922576,['x3108_RIGHT-x3107_LEFT']
3101.3102.00.0000,x3101.c0.r42.j31,none,x3102.c0.r42.j31,none,1,x3101-LEFT,none,x3102-RIGHT,none,local,1,1,R4K61A,1.42,1.2941456,['x3102_RIGHT-x3101_LEFT']
3101.3103.00.0000,x3101.c0.r42.j32,none,x3103.c0.r42.j31,none,1,x3101-LEFT,none,x3103-RIGHT,none,local,1,1,R4K78A,5,2.5881052,"['x3102_RIGHT-x3101_LEFT', 'x3103_RIGHT-x3102_LEFT']"
3101.3104.00.0000,x3101.c0.r42.j29,none,x3104.c0.r42.j31,none,1,x3101-LEFT,none,x3104-RIGHT,none,local,1,1,R4K78A,5,3.4201054,"['x3102_RIGHT-x3101_LEFT', 'x3103_RIGHT-x3102_LEFT', 'x3104_RIGHT-x3103_LEFT']"
3102.3103.00.0000,x3102.c0.r42.j32,none,x3103.c0.r42.j32,none,1,x3102-LEFT,none,x3103-RIGHT,none,local,1,1,R4K78A,5,1.3059254,['x3103_RIGHT-x3102_LEFT']
3102.3104.00.0000,x3102.c0.r42.j29,none,x3104.c0.r42.j32,none,1,x3102-LEFT,none,x3104-RIGHT,none,local,1,1,R4K78A,5,2.5990453,"['x3103_RIGHT-x3102_LEFT', 'x3104_RIGHT-x3103_LEFT']"
3103.3104.00.0000,x3103.c0.r42.j29,none,x3104.c0.r42.j29,none,1,x3103-LEFT,none,x3104-RIGHT,none,local,1,1,R4K61A,1.42,1.2922576,['x3104_RIGHT-x3103_LEFT']
3209.3209.00.0000,x3209.c0.r35.j1,none,x3209.c0.r34.j2,none,1,none,none,none,none,local,2,2,R4K60A,1.15,0.7637544,[]
3209.3209.00.0001,x3209.c0.r35.j2,none,x3209.c0.r34.j1,none,1,none,none,none,none,local,2,2,R4K60A,1.15,0.7520477,[]
3209.3209.00.0002,x3209.c0.r32.j1,none,x3209.c0.r31.j2,none,1,none,none,none,none,local,2,2,R4K60A,1.15,0.7637544,[]
3209.3209.00.0003,x3209.c0.r32.j2,none,x3209.c0.r31.j1,none,1,none,none,none,none,local,2,2,R4K60A,1.15,0.7520477,[]
3209.3209.00.0004,x3209.c0.r32.j3,none,x3209.c0.r34.j4,none,1,none,none,none,none,local,2,2,R4K60A,1.15,0.8416344,[]
3209.3209.00.0005,x3209.c0.r32.j4,none,x3209.c0.r34.j3,none,1,none,none,none,none,local,2,2,R4K60A,1.15,0.8501796,[]
3209.3209.00.0006,x3209.c0.r31.j3,none,x3209.c0.r35.j4,none,1,none,none,none,none,local,2,2,R4K60A,1.15,0.9305343,[]
3209.3209.00.0007,x3209.c0.r31.j4,none,x3209.c0.r35.j3,none,1,none,none,none,none,local,2,2,R4K60A,1.15,0.9390796,[]
3209.3209.00.0008,x3209.c0.r31.j5,none,x3209.c0.r34.j6,none,1,none,none,none,none,local,2,2,R4K60A,1.15,0.9378209,[]
3209.3209.00.0009,x3209.c0.r31.j6,none,x3209.c0.r34.j5,none,1,none,none,none,none,local,2,2,R4K60A,1.15,0.9443216,[]
3209.3209.00.0010,x3209.c0.r32.j5,none,x3209.c0.r35.j6,none,1,none,none,none,none,local,2,2,R4K60A,1.15,0.9378209,[]
3209.3209.00.0011,x3209.c0.r32.j6,none,x3209.c0.r35.j5,none,1,none,none,none,none,local,2,2,R4K60A,1.15,0.9443216,[]
3209.3209.00.0012,x3209.c0.r31.j27,none,x3209.c0.r34.j28,none,1,none,none,none,none,local,2,2,R4K60A,1.15,0.8693001,[]
3209.3209.00.0013,x3209.c0.r31.j28,none,x3209.c0.r34.j27,none,1,none,none,none,none,local,2,2,R4K60A,1.15,0.8788064,[]
3209.3209.00.0014,x3209.c0.r32.j27,none,x3209.c0.r35.j28,none,1,none,none,none,none,local,2,2,R4K60A,1.15,0.8693001,[]
3209.3209.00.0015,x3209.c0.r32.j28,none,x3209.c0.r35.j27,none,1,none,none,none,none,local,2,2,R4K60A,1.15,0.8788064,[]
3209.3209.00.0016,x3209.c0.r32.j29,none,x3209.c0.r34.j30,none,1,none,none,none,none,local,2,2,R4K60A,1.15,0.7742452,[]
3209.3209.00.0017,x3209.c0.r32.j30,none,x3209.c0.r34.j29,none,1,none,none,none,none,local,2,2,R4K60A,1.15,0.7884907,[]
3209.3209.00.0018,x3209.c0.r31.j29,none,x3209.c0.r35.j30,none,1,none,none,none,none,local,2,2,R4K60A,1.15,0.8631451,[]
3209.3209.00.0019,x3209.c0.r31.j30,none,x3209.c0.r35.j29,none,1,none,none,none,none,local,2,2,R4K60A,1.15,0.8773906,[]
3209.3209.00.0020,x3209.c0.r35.j31,none,x3209.c0.r34.j32,none,1,none,none,none,none,local,2,2,R4K59A,0.75,0.7115025,[]
3209.3209.00.0021,x3209.c0.r35.j32,none,x3209.c0.r34.j31,none,1,none,none,none,none,local,2,2,R4K59A,0.75,0.6884451,[]
3209.3209.00.0022,x3209.c0.r32.j31,none,x3209.c0.r31.j32,none,1,none,none,none,none,local,2,2,R4K59A,0.75,0.7115025,[]
3209.3209.00.0023,x3209.c0.r32.j32,none,x3209.c0.r31.j31,none,1,none,none,none,none,local,2,2,R4K59A,0.75,0.6884451,[]
3209.3209.00.0024,x3209.c0.r35.j14,none,x3209.c0.s2.b0.n0.h1,x3209.c0.s1.b0.n0.h0,1,none,none,none,none,edge,2,n/a,R4K57A,2.5,2.3879407,[]
3209.3209.00.0025,x3209.c0.r34.j14,none,x3209.c0.s14.b0.n0.h0,x3209.c0.s1.b0.n0.h1,1,none,none,none,none,edge,2,n/a,R4K57A,2.5,2.359728,[]
3209.3209.00.0026,x3209.c0.r34.j12,none,x3209.c0.s5.b0.n0.h1,x3209.c0.s4.b0.n0.h0,1,none,none,none,none,edge,2,n/a,R4K57A,2.5,2.1840281,[]
3209.3209.00.0027,x3209.c0.r35.j12,none,x3209.c0.s6.b0.n0.h1,x3209.c0.s5.b0.n0.h0,1,none,none,none,none,edge,2,n/a,R4K57A,2.5,2.1840281,[]
3209.3209.00.0028,x3209.c0.r31.j14,none,x3209.c0.s3.b0.n0.h1,x3209.c0.s2.b0.n0.h0,1,none,none,none,none,edge,2,n/a,R4K57A,2.5,2.1656908,[]
3209.3209.00.0029,x3209.c0.r32.j14,none,x3209.c0.s4.b0.n0.h1,x3209.c0.s3.b0.n0.h0,1,none,none,none,none,edge,2,n/a,R4K57A,2.5,2.1656908,[]
3209.3209.00.0030,x3209.c0.r34.j10,none,x3209.c0.s9.b0.n0.h1,x3209.c0.s8.b0.n0.h0,1,none,none,none,none,edge,2,n/a,R4K56A,2,1.9832055,[]
3209.3209.00.0031,x3209.c0.r35.j10,none,x3209.c0.s10.b0.n0.h1,x3209.c0.s9.b0.n0.h0,1,none,none,none,none,edge,2,n/a,R4K56A,2,1.9832055,[]
3209.3209.00.0032,x3209.c0.r31.j12,none,x3209.c0.s7.b0.n0.h1,x3209.c0.s6.b0.n0.h0,1,none,none,none,none,edge,2,n/a,R4K56A,2,1.9617782,[]
3209.3209.00.0033,x3209.c0.r32.j12,none,x3209.c0.s8.b0.n0.h1,x3209.c0.s7.b0.n0.h0,1,none,none,none,none,edge,2,n/a,R4K56A,2,1.9617782,[]
3209.3209.00.0034,x3209.c0.r34.j16,none,x3209.c0.s13.b0.n0.h1,x3209.c0.s12.b0.n0.h0,1,none,none,none,none,edge,2,n/a,R4K56A,2,1.8776113,[]
3209.3209.00.0035,x3209.c0.r35.j16,none,x3209.c0.s14.b0.n0.h1,x3209.c0.s13.b0.n0.h0,1,none,none,none,none,edge,2,n/a,R4K56A,2,1.8776113,[]
3209.3209.00.0036,x3209.c0.r31.j10,none,x3209.c0.s11.b0.n0.h1,x3209.c0.s10.b0.n0.h0,1,none,none,none,none,edge,2,n/a,R4K56A,2,1.7609556,[]
3209.3209.00.0037,x3209.c0.r32.j10,none,x3209.c0.s12.b0.n0.h1,x3209.c0.s11.b0.n0.h0,1,none,none,none,none,edge,2,n/a,R4K56A,2,1.7609556,[]
3203.1402.00.0000,x3203.c0.r42.j7,none,x1402.c1.r3.j1.p0,x1402.c1.r3.j1.p1,1,x3203-RIGHT,none,x1402-RIGHT,none,edge,1,27,R4K87A,100,99.8760297,"['x3203_RIGHT-x3204_LEFT', 'x3204_RIGHT-x3205_LEFT', 'x3205_RIGHT-x3206_LEFT', 'x3206_RIGHT-x3207_LEFT', 'x3207_RIGHT-x3208_LEFT', 'x3208_RIGHT-x3209_LEFT', 'x10_BACK-x3209_BACK', 'd101_RIGHT-x10_LEFT', 'x1005_RIGHT-d101_LEFT', 'x1004_RIGHT-x1005_LEFT', 'x1003_RIGHT-x1004_LEFT', 'x1003_BACK-x1103_BACK', 'x1103_FRONT-x1203_FRONT', 'x1203_BACK-x1303_BACK', 'x1303_FRONT-x1403_FRONT', 'x1402_RIGHT-x1403_LEFT']"
3204.1402.00.0000,x3204.c0.r42.j7,none,x1402.c2.r5.j23.p0,x1402.c2.r5.j23.p1,1,x3204-RIGHT,none,x1402-LEFT,none,edge,1,27,R4K87A,100,98.7184154,"['x3204_RIGHT-x3205_LEFT', 'x3205_RIGHT-x3206_LEFT', 'x3206_RIGHT-x3207_LEFT', 'x3207_RIGHT-x3208_LEFT', 'x3208_RIGHT-x3209_LEFT', 'x10_BACK-x3209_BACK', 'd101_RIGHT-x10_LEFT', 'x1005_RIGHT-d101_LEFT', 'x1004_RIGHT-x1005_LEFT', 'x1003_RIGHT-x1004_LEFT', 'x1002_RIGHT-x1003_LEFT', 'x1002_BACK-x1102_BACK', 'x1102_FRONT-x1202_FRONT', 'x1202_BACK-x1302_BACK', 'x1302_FRONT-x1402_FRONT']"
3205.1403.00.0000,x3205.c0.r42.j7,none,x1403.c1.r3.j1.p0,x1403.c1.r3.j1.p1,1,x3205-RIGHT,none,x1403-RIGHT,none,edge,1,28,R4K87A,100,97.0131211,"['x3205_RIGHT-x3206_LEFT', 'x3206_RIGHT-x3207_LEFT', 'x3207_RIGHT-x3208_LEFT', 'x3208_RIGHT-x3209_LEFT', 'x10_BACK-x3209_BACK', 'd101_RIGHT-x10_LEFT', 'x1005_RIGHT-d101_LEFT', 'x1004_RIGHT-x1005_LEFT', 'x1004_BACK-x1104_BACK', 'x1104_FRONT-x1204_FRONT', 'x1204_BACK-x1304_BACK', 'x1304_FRONT-x1404_FRONT', 'x1403_RIGHT-x1404_LEFT']"
3201.1203.00.0000,x3201.c0.r42.j7,none,x1203.c1.r3.j1.p0,x1203.c1.r3.j1.p1,1,x3201-RIGHT,none,x1203-RIGHT,none,edge,1,18,R4K87A,100,94.0011211,"['x3201_RIGHT-x3202_LEFT', 'x3202_RIGHT-x3203_LEFT', 'x3203_RIGHT-x3204_LEFT', 'x3204_RIGHT-x3205_LEFT', 'x3205_RIGHT-x3206_LEFT', 'x3206_RIGHT-x3207_LEFT', 'x3207_RIGHT-x3208_LEFT', 'x3208_RIGHT-x3209_LEFT', 'x10_BACK-x3209_BACK', 'd101_RIGHT-x10_LEFT', 'x1005_RIGHT-d101_LEFT', 'x1004_RIGHT-x1005_LEFT', 'x1004_BACK-x1104_BACK', 'x1104_FRONT-x1204_FRONT', 'x1203_RIGHT-x1204_LEFT']"
3201.1305.00.0000,x3201.c0.r42.j9,none,x1305.c1.r3.j1.p0,x1305.c1.r3.j1.p1,1,x3201-RIGHT,none,x1305-RIGHT,none,edge,1,26,R4K87A,100,93.5101201,"['x3201_RIGHT-x3202_LEFT', 'x3202_RIGHT-x3203_LEFT', 'x3203_RIGHT-x3204_LEFT', 'x3204_RIGHT-x3205_LEFT', 'x3205_RIGHT-x3206_LEFT', 'x3206_RIGHT-x3207_LEFT', 'x3207_RIGHT-x3208_LEFT', 'x3208_RIGHT-x3209_LEFT', 'x10_BACK-x3209_BACK', 'd101_RIGHT-x10_LEFT', 'x1005_RIGHT-d101_LEFT', 'x1005_BACK-x1105_BACK', 'x1105_FRONT-x1205_FRONT', 'x1205_BACK-x1305_BACK']"
3202.1203.00.0000,x3202.c0.r42.j7,none,x1203.c2.r5.j23.p0,x1203.c2.r5.j23.p1,1,x3202-RIGHT,none,x1203-LEFT,none,edge,1,18,R4K87A,100,92.8435068,"['x3202_RIGHT-x3203_LEFT', 'x3203_RIGHT-x3204_LEFT', 'x3204_RIGHT-x3205_LEFT', 'x3205_RIGHT-x3206_LEFT', 'x3206_RIGHT-x3207_LEFT', 'x3207_RIGHT-x3208_LEFT', 'x3208_RIGHT-x3209_LEFT', 'x10_BACK-x3209_BACK', 'd101_RIGHT-x10_LEFT', 'x1005_RIGHT-d101_LEFT', 'x1004_RIGHT-x1005_LEFT', 'x1003_RIGHT-x1004_LEFT', 'x1003_BACK-x1103_BACK', 'x1103_FRONT-x1203_FRONT']"
3101.1301.00.0000,x3101.c0.r42.j23,none,x1301.c1.r3.j1.p0,x1301.c1.r3.j1.p1,1,x3101-LEFT,none,x1301-RIGHT,none,edge,1,22,R4K87A,100,92.7069339,"['x3102_RIGHT-x3101_LEFT', 'x3103_RIGHT-x3102_LEFT', 'x3104_RIGHT-x3103_LEFT', 'x3105_RIGHT-x3104_LEFT', 'x3106_RIGHT-x3105_LEFT', 'x3107_RIGHT-x3106_LEFT', 'x3108_RIGHT-x3107_LEFT', 'x11_RIGHT-x3108_LEFT', 'x10_BACK-x11_BACK', 'd101_RIGHT-x10_LEFT', 'x1005_RIGHT-d101_LEFT', 'x1004_RIGHT-x1005_LEFT', 'x1003_RIGHT-x1004_LEFT', 'x1002_RIGHT-x1003_LEFT', 'x1001_RIGHT-x1002_LEFT', 'x1001_BACK-x1101_BACK', 'x1101_FRONT-x1201_FRONT', 'x1201_BACK-x1301_BACK']"
3201.1101.00.0000,x3201.c0.r42.j11,none,x1101.c1.r3.j1.p0,x1101.c1.r3.j1.p1,1,x3201-RIGHT,none,x1101-RIGHT,none,edge,1,10,R4K87A,100,92.7208322,"['x3201_RIGHT-x3202_LEFT', 'x3202_RIGHT-x3203_LEFT', 'x3203_RIGHT-x3204_LEFT', 'x3204_RIGHT-x3205_LEFT', 'x3205_RIGHT-x3206_LEFT', 'x3206_RIGHT-x3207_LEFT', 'x3207_RIGHT-x3208_LEFT', 'x3208_RIGHT-x3209_LEFT', 'x10_BACK-x3209_BACK', 'd101_RIGHT-x10_LEFT', 'x1005_RIGHT-d101_LEFT', 'x1004_RIGHT-x1005_LEFT', 'x1003_RIGHT-x1004_LEFT', 'x1002_RIGHT-x1003_LEFT', 'x1001_RIGHT-x1002_LEFT', 'x1001_BACK-x1101_BACK']"
3101.1405.00.0000,x3101.c0.r42.j21,none,x1405.c1.r3.j1.p0,x1405.c1.r3.j1.p1,1,x3101-LEFT,none,x1405-RIGHT,none,edge,1,30,R4K87A,100,92.4755271,"['x3102_RIGHT-x3101_LEFT', 'x3103_RIGHT-x3102_LEFT', 'x3104_RIGHT-x3103_LEFT', 'x3105_RIGHT-x3104_LEFT', 'x3106_RIGHT-x3105_LEFT', 'x3107_RIGHT-x3106_LEFT', 'x3108_RIGHT-x3107_LEFT', 'x11_RIGHT-x3108_LEFT', 'x10_BACK-x11_BACK', 'd101_RIGHT-x10_LEFT', 'x1005_RIGHT-d101_LEFT', 'x1005_BACK-x1105_BACK', 'x1105_FRONT-x1205_FRONT', 'x1205_BACK-x1305_BACK', 'x1305_FRONT-x1405_FRONT']"
3202.1305.00.0000,x3202.c0.r42.j9,none,x1305.c2.r5.j23.p0,x1305.c2.r5.j23.p1,1,x3202-RIGHT,none,x1305-LEFT,none,edge,1,26,R4K87A,100,92.1073961,"['x3202_RIGHT-x3203_LEFT', 'x3203_RIGHT-x3204_LEFT', 'x3204_RIGHT-x3205_LEFT', 'x3205_RIGHT-x3206_LEFT', 'x3206_RIGHT-x3207_LEFT', 'x3207_RIGHT-x3208_LEFT', 'x3208_RIGHT-x3209_LEFT', 'x10_BACK-x3209_BACK', 'd101_RIGHT-x10_LEFT', 'x1005_RIGHT-d101_LEFT', 'x1005_BACK-x1105_BACK', 'x1105_FRONT-x1205_FRONT', 'x1205_BACK-x1305_BACK']"
3203.1204.00.0000,x3203.c0.r42.j9,none,x1204.c1.r3.j1.p0,x1204.c1.r3.j1.p1,1,x3203-RIGHT,none,x1204-RIGHT,none,edge,1,19,R4K87A,100,91.1643206,"['x3203_RIGHT-x3204_LEFT', 'x3204_RIGHT-x3205_LEFT', 'x3205_RIGHT-x3206_LEFT', 'x3206_RIGHT-x3207_LEFT', 'x3207_RIGHT-x3208_LEFT', 'x3208_RIGHT-x3209_LEFT', 'x10_BACK-x3209_BACK', 'd101_RIGHT-x10_LEFT', 'x1005_RIGHT-d101_LEFT', 'x1005_BACK-x1105_BACK', 'x1105_FRONT-x1205_FRONT', 'x1204_RIGHT-x1205_LEFT']"
3102.1405.00.0000,x3102.c0.r42.j23,none,x1405.c2.r5.j23.p0,x1405.c2.r5.j23.p1,1,x3102-LEFT,none,x1405-LEFT,none,edge,1,30,R4K87A,100,91.0497708,"['x3103_RIGHT-x3102_LEFT', 'x3104_RIGHT-x3103_LEFT', 'x3105_RIGHT-x3104_LEFT', 'x3106_RIGHT-x3105_LEFT', 'x3107_RIGHT-x3106_LEFT', 'x3108_RIGHT-x3107_LEFT', 'x11_RIGHT-x3108_LEFT', 'x10_BACK-x11_BACK', 'd101_RIGHT-x10_LEFT', 'x1005_RIGHT-d101_LEFT', 'x1005_BACK-x1105_BACK', 'x1105_FRONT-x1205_FRONT', 'x1205_BACK-x1305_BACK', 'x1305_FRONT-x1405_FRONT']"
3102.1301.00.0000,x3102.c0.r42.j21,none,x1301.c2.r5.j23.p0,x1301.c2.r5.j23.p1,1,x3102-LEFT,none,x1301-LEFT,none,edge,1,22,R4K87A,100,90.9805323,"['x3103_RIGHT-x3102_LEFT', 'x3104_RIGHT-x3103_LEFT', 'x3105_RIGHT-x3104_LEFT', 'x3106_RIGHT-x3105_LEFT', 'x3107_RIGHT-x3106_LEFT', 'x3108_RIGHT-x3107_LEFT', 'x11_RIGHT-x3108_LEFT', 'x10_BACK-x11_BACK', 'd101_RIGHT-x10_LEFT', 'x1005_RIGHT-d101_LEFT', 'x1005_BACK-x1105_BACK', 'x1105_FRONT-x1205_FRONT', 'x1205_BACK-x1305_BACK', 'x1305_RIGHT-x1304_LEFT', 'x1304_RIGHT-x1303_LEFT', 'x1303_RIGHT-x1302_LEFT', 'x1302_RIGHT-x1301_LEFT']"
3202.1101.00.0000,x3202.c0.r42.j11,none,x1101.c2.r5.j23.p0,x1101.c2.r5.j23.p1,1,x3202-RIGHT,none,x1101-LEFT,none,edge,1,10,R4K87A,100,90.9713984,"['x3202_RIGHT-x3203_LEFT', 'x3203_RIGHT-x3204_LEFT', 'x3204_RIGHT-x3205_LEFT', 'x3205_RIGHT-x3206_LEFT', 'x3206_RIGHT-x3207_LEFT', 'x3207_RIGHT-x3208_LEFT', 'x3208_RIGHT-x3209_LEFT', 'x10_BACK-x3209_BACK', 'd101_RIGHT-x10_LEFT', 'x1005_RIGHT-d101_LEFT', 'x1005_BACK-x1105_BACK', 'x1105_RIGHT-x1104_LEFT', 'x1104_RIGHT-x1103_LEFT', 'x1103_RIGHT-x1102_LEFT', 'x1102_RIGHT-x1101_LEFT']"
3103.1200.00.0000,x3103.c0.r42.j23,none,x1200.c1.r3.j1.p0,x1200.c1.r3.j1.p1,1,x3103-LEFT,none,x1200-RIGHT,none,edge,1,15,R4K87A,100,90.3611344,"['x3104_RIGHT-x3103_LEFT', 'x3105_RIGHT-x3104_LEFT', 'x3106_RIGHT-x3105_LEFT', 'x3107_RIGHT-x3106_LEFT', 'x3108_RIGHT-x3107_LEFT', 'x11_RIGHT-x3108_LEFT', 'x10_BACK-x11_BACK', 'd101_RIGHT-x10_LEFT', 'x1005_RIGHT-d101_LEFT', 'x1004_RIGHT-x1005_LEFT', 'x1003_RIGHT-x1004_LEFT', 'x1002_RIGHT-x1003_LEFT', 'x1001_RIGHT-x1002_LEFT', 'x1001_BACK-x1101_BACK', 'x1101_FRONT-x1201_FRONT', 'x1200_RIGHT-x1201_LEFT']"
3203.1000.00.0000,x3203.c0.r42.j11,none,x1000.c1.r3.j1.p0,x1000.c1.r3.j1.p1,1,x3203-RIGHT,none,x1000-RIGHT,none,edge,1,3,R4K87A,100,90.2137428,"['x3203_RIGHT-x3204_LEFT', 'x3204_RIGHT-x3205_LEFT', 'x3205_RIGHT-x3206_LEFT', 'x3206_RIGHT-x3207_LEFT', 'x3207_RIGHT-x3208_LEFT', 'x3208_RIGHT-x3209_LEFT', 'x10_BACK-x3209_BACK', 'd101_RIGHT-x10_LEFT', 'x1005_RIGHT-d101_LEFT', 'x1004_RIGHT-x1005_LEFT', 'x1003_RIGHT-x1004_LEFT', 'x1002_RIGHT-x1003_LEFT', 'x1001_RIGHT-x1002_LEFT', 'x1000_RIGHT-x1001_LEFT']"
3204.1204.00.0000,x3204.c0.r42.j9,none,x1204.c2.r5.j23.p0,x1204.c2.r5.j23.p1,1,x3204-RIGHT,none,x1204-LEFT,none,edge,1,19,R4K87A,100,90.0067064,"['x3204_RIGHT-x3205_LEFT', 'x3205_RIGHT-x3206_LEFT', 'x3206_RIGHT-x3207_LEFT', 'x3207_RIGHT-x3208_LEFT', 'x3208_RIGHT-x3209_LEFT', 'x10_BACK-x3209_BACK', 'd101_RIGHT-x10_LEFT', 'x1005_RIGHT-d101_LEFT', 'x1004_RIGHT-x1005_LEFT', 'x1004_BACK-x1104_BACK', 'x1104_FRONT-x1204_FRONT']"
3103.1302.00.0000,x3103.c0.r42.j21,none,x1302.c1.r3.j1.p0,x1302.c1.r3.j1.p1,1,x3103-LEFT,none,x1302-RIGHT,none,edge,1,23,R4K87A,100,89.8670576,"['x3104_RIGHT-x3103_LEFT', 'x3105_RIGHT-x3104_LEFT', 'x3106_RIGHT-x3105_LEFT', 'x3107_RIGHT-x3106_LEFT', 'x3108_RIGHT-x3107_LEFT', 'x11_RIGHT-x3108_LEFT', 'x10_BACK-x11_BACK', 'd101_RIGHT-x10_LEFT', 'x1005_RIGHT-d101_LEFT', 'x1004_RIGHT-x1005_LEFT', 'x1003_RIGHT-x1004_LEFT', 'x1002_RIGHT-x1003_LEFT', 'x1002_BACK-x1102_BACK', 'x1102_FRONT-x1202_FRONT', 'x1202_BACK-x1302_BACK']"
3203.1102.00.0000,x3203.c0.r42.j13,none,x1102.c1.r3.j1.p0,x1102.c1.r3.j1.p1,1,x3203-RIGHT,none,x1102-RIGHT,none,edge,1,11,R4K87A,100,89.8840794,"['x3203_RIGHT-x3204_LEFT', 'x3204_RIGHT-x3205_LEFT', 'x3205_RIGHT-x3206_LEFT', 'x3206_RIGHT-x3207_LEFT', 'x3207_RIGHT-x3208_LEFT', 'x3208_RIGHT-x3209_LEFT', 'x10_BACK-x3209_BACK', 'd101_RIGHT-x10_LEFT', 'x1005_RIGHT-d101_LEFT', 'x1004_RIGHT-x1005_LEFT', 'x1003_RIGHT-x1004_LEFT', 'x1002_RIGHT-x1003_LEFT', 'x1002_BACK-x1102_BACK']"
3204.1000.00.0000,x3204.c0.r42.j11,none,x1000.c2.r5.j23.p0,x1000.c2.r5.j23.p1,1,x3204-RIGHT,none,x1000-LEFT,none,edge,1,3,R4K87A,100,89.3825185,"['x3204_RIGHT-x3205_LEFT', 'x3205_RIGHT-x3206_LEFT', 'x3206_RIGHT-x3207_LEFT', 'x3207_RIGHT-x3208_LEFT', 'x3208_RIGHT-x3209_LEFT', 'x10_BACK-x3209_BACK', 'd101_RIGHT-x10_LEFT', 'x1005_RIGHT-d101_LEFT', 'x1004_RIGHT-x1005_LEFT', 'x1003_RIGHT-x1004_LEFT', 'x1002_RIGHT-x1003_LEFT', 'x1001_RIGHT-x1002_LEFT', 'x1000_RIGHT-x1001_LEFT']"
3104.1200.00.0000,x3104.c0.r42.j23,none,x1200.c2.r5.j23.p0,x1200.c2.r5.j23.p1,1,x3104-LEFT,none,x1200-LEFT,none,edge,1,15,R4K87A,100,89.2035202,"['x3105_RIGHT-x3104_LEFT', 'x3106_RIGHT-x3105_LEFT', 'x3107_RIGHT-x3106_LEFT', 'x3108_RIGHT-x3107_LEFT', 'x11_RIGHT-x3108_LEFT', 'x10_BACK-x11_BACK', 'd101_RIGHT-x10_LEFT', 'x1005_RIGHT-d101_LEFT', 'x1004_RIGHT-x1005_LEFT', 'x1003_RIGHT-x1004_LEFT', 'x1002_RIGHT-x1003_LEFT', 'x1001_RIGHT-x1002_LEFT', 'x1000_RIGHT-x1001_LEFT', 'x1000_BACK-x1100_BACK', 'x1100_FRONT-x1200_FRONT']"
3206.1403.00.0000,x3206.c0.r42.j7,none,x1403.c2.r5.j23.p0,x1403.c2.r5.j23.p1,1,x3206-RIGHT,none,x1403-LEFT,none,edge,1,28,R4K87A,100,89.158907,"['x3206_RIGHT-x3207_LEFT', 'x3207_RIGHT-x3208_LEFT', 'x3208_RIGHT-x3209_LEFT', 'x10_BACK-x3209_BACK', 'd101_RIGHT-x10_LEFT', 'x1005_RIGHT-d101_LEFT', 'x1004_RIGHT-x1005_LEFT', 'x1003_RIGHT-x1004_LEFT', 'x1003_BACK-x1103_BACK', 'x1103_FRONT-x1203_FRONT', 'x1203_BACK-x1303_BACK', 'x1303_FRONT-x1403_FRONT']"
3205.1205.00.0000,x3205.c0.r42.j9,none,x1205.c1.r3.j1.p0,x1205.c1.r3.j1.p1,1,x3205-RIGHT,none,x1205-RIGHT,none,edge,1,20,R4K87A,100,88.5465218,"['x3205_RIGHT-x3206_LEFT', 'x3206_RIGHT-x3207_LEFT', 'x3207_RIGHT-x3208_LEFT', 'x3208_RIGHT-x3209_LEFT', 'x10_BACK-x3209_BACK', 'd101_RIGHT-x10_LEFT', 'x1005_RIGHT-d101_LEFT', 'x1005_BACK-x1105_BACK', 'x1105_FRONT-x1205_FRONT']"
3104.1302.00.0000,x3104.c0.r42.j21,none,x1302.c2.r5.j23.p0,x1302.c2.r5.j23.p1,1,x3104-LEFT,none,x1302-LEFT,none,edge,1,23,R4K87A,100,88.1176237,"['x3105_RIGHT-x3104_LEFT', 'x3106_RIGHT-x3105_LEFT', 'x3107_RIGHT-x3106_LEFT', 'x3108_RIGHT-x3107_LEFT', 'x11_RIGHT-x3108_LEFT', 'x10_BACK-x11_BACK', 'd101_RIGHT-x10_LEFT', 'x1005_RIGHT-d101_LEFT', 'x1005_BACK-x1105_BACK', 'x1105_FRONT-x1205_FRONT', 'x1205_BACK-x1305_BACK', 'x1305_RIGHT-x1304_LEFT', 'x1304_RIGHT-x1303_LEFT', 'x1303_RIGHT-x1302_LEFT']"
3204.1102.00.0000,x3204.c0.r42.j13,none,x1102.c2.r5.j23.p0,x1102.c2.r5.j23.p1,1,x3204-RIGHT,none,x1102-LEFT,none,edge,1,11,R4K87A,100,88.1346456,"['x3204_RIGHT-x3205_LEFT', 'x3205_RIGHT-x3206_LEFT', 'x3206_RIGHT-x3207_LEFT', 'x3207_RIGHT-x3208_LEFT', 'x3208_RIGHT-x3209_LEFT', 'x10_BACK-x3209_BACK', 'd101_RIGHT-x10_LEFT', 'x1005_RIGHT-d101_LEFT', 'x1005_BACK-x1105_BACK', 'x1105_RIGHT-x1104_LEFT', 'x1104_RIGHT-x1103_LEFT', 'x1103_RIGHT-x1102_LEFT']"
3207.1300.00.0000,x3207.c0.r42.j7,none,x1300.c1.r3.j1.p0,x1300.c1.r3.j1.p1,1,x3207-RIGHT,none,x1300-RIGHT,none,edge,1,21,R4K87A,100,87.9531616,"['x3207_RIGHT-x3208_LEFT', 'x3208_RIGHT-x3209_LEFT', 'x10_BACK-x3209_BACK', 'd101_RIGHT-x10_LEFT', 'x1005_RIGHT-d101_LEFT', 'x1004_RIGHT-x1005_LEFT', 'x1003_RIGHT-x1004_LEFT', 'x1002_RIGHT-x1003_LEFT', 'x1001_RIGHT-x1002_LEFT', 'x1000_RIGHT-x1001_LEFT', 'x1000_BACK-x1100_BACK', 'x1100_FRONT-x1200_FRONT', 'x1200_BACK-x1300_BACK']"
3105.1201.00.0000,x3105.c0.r42.j23,none,x1201.c1.r3.j1.p0,x1201.c1.r3.j1.p1,1,x3105-LEFT,none,x1201-RIGHT,none,edge,1,16,R4K87A,100,87.4982258,"['x3106_RIGHT-x3105_LEFT', 'x3107_RIGHT-x3106_LEFT', 'x3108_RIGHT-x3107_LEFT', 'x11_RIGHT-x3108_LEFT', 'x10_BACK-x11_BACK', 'd101_RIGHT-x10_LEFT', 'x1005_RIGHT-d101_LEFT', 'x1004_RIGHT-x1005_LEFT', 'x1003_RIGHT-x1004_LEFT', 'x1002_RIGHT-x1003_LEFT', 'x1002_BACK-x1102_BACK', 'x1102_FRONT-x1202_FRONT', 'x1201_RIGHT-x1202_LEFT']"
3207.1404.00.0000,x3207.c0.r42.j9,none,x1404.c1.r3.j1.p0,x1404.c1.r3.j1.p1,1,x3207-RIGHT,none,x1404-RIGHT,none,edge,1,29,R4K87A,100,87.4797208,"['x3207_RIGHT-x3208_LEFT', 'x3208_RIGHT-x3209_LEFT', 'x10_BACK-x3209_BACK', 'd101_RIGHT-x10_LEFT', 'x1005_RIGHT-d101_LEFT', 'x1005_BACK-x1105_BACK', 'x1105_FRONT-x1205_FRONT', 'x1205_BACK-x1305_BACK', 'x1305_FRONT-x1405_FRONT', 'x1404_RIGHT-x1405_LEFT']"
3205.1001.00.0000,x3205.c0.r42.j11,none,x1001.c1.r3.j1.p0,x1001.c1.r3.j1.p1,1,x3205-RIGHT,none,x1001-RIGHT,none,edge,1,4,R4K87A,100,87.3508342,"['x3205_RIGHT-x3206_LEFT', 'x3206_RIGHT-x3207_LEFT', 'x3207_RIGHT-x3208_LEFT', 'x3208_RIGHT-x3209_LEFT', 'x10_BACK-x3209_BACK', 'd101_RIGHT-x10_LEFT', 'x1005_RIGHT-d101_LEFT', 'x1004_RIGHT-x1005_LEFT', 'x1003_RIGHT-x1004_LEFT', 'x1002_RIGHT-x1003_LEFT', 'x1001_RIGHT-x1002_LEFT']"
3105.1303.00.0000,x3105.c0.r42.j21,none,x1303.c1.r3.j1.p0,x1303.c1.r3.j1.p1,1,x3105-LEFT,none,x1303-RIGHT,none,edge,1,24,R4K87A,100,87.004149,"['x3106_RIGHT-x3105_LEFT', 'x3107_RIGHT-x3106_LEFT', 'x3108_RIGHT-x3107_LEFT', 'x11_RIGHT-x3108_LEFT', 'x10_BACK-x11_BACK', 'd101_RIGHT-x10_LEFT', 'x1005_RIGHT-d101_LEFT', 'x1004_RIGHT-x1005_LEFT', 'x1003_RIGHT-x1004_LEFT', 'x1003_BACK-x1103_BACK', 'x1103_FRONT-x1203_FRONT', 'x1203_BACK-x1303_BACK']"
3205.1103.00.0000,x3205.c0.r42.j13,none,x1103.c1.r3.j1.p0,x1103.c1.r3.j1.p1,1,x3205-RIGHT,none,x1103-RIGHT,none,edge,1,12,R4K87A,100,87.0211708,"['x3205_RIGHT-x3206_LEFT', 'x3206_RIGHT-x3207_LEFT', 'x3207_RIGHT-x3208_LEFT', 'x3208_RIGHT-x3209_LEFT', 'x10_BACK-x3209_BACK', 'd101_RIGHT-x10_LEFT', 'x1005_RIGHT-d101_LEFT', 'x1004_RIGHT-x1005_LEFT', 'x1003_RIGHT-x1004_LEFT', 'x1003_BACK-x1103_BACK']"
3106.1201.00.0000,x3106.c0.r42.j23,none,x1201.c2.r5.j23.p0,x1201.c2.r5.j23.p1,1,x3106-LEFT,none,x1201-LEFT,none,edge,1,16,R4K87A,100,86.3406116,"['x3107_RIGHT-x3106_LEFT', 'x3108_RIGHT-x3107_LEFT', 'x11_RIGHT-x3108_LEFT', 'x10_BACK-x11_BACK', 'd101_RIGHT-x10_LEFT', 'x1005_RIGHT-d101_LEFT', 'x1004_RIGHT-x1005_LEFT', 'x1003_RIGHT-x1004_LEFT', 'x1002_RIGHT-x1003_LEFT', 'x1001_RIGHT-x1002_LEFT', 'x1001_BACK-x1101_BACK', 'x1101_FRONT-x1201_FRONT']"
3208.1404.00.0000,x3208.c0.r42.j7,none,x1404.c2.r5.j23.p0,x1404.c2.r5.j23.p1,1,x3208-RIGHT,none,x1404-LEFT,none,edge,1,29,R4K87A,100,86.2959984,"['x3208_RIGHT-x3209_LEFT', 'x10_BACK-x3209_BACK', 'd101_RIGHT-x10_LEFT', 'x1005_RIGHT-d101_LEFT', 'x1004_RIGHT-x1005_LEFT', 'x1004_BACK-x1104_BACK', 'x1104_FRONT-x1204_FRONT', 'x1204_BACK-x1304_BACK', 'x1304_FRONT-x1404_FRONT']"
3208.1300.00.0000,x3208.c0.r42.j9,none,x1300.c2.r5.j23.p0,x1300.c2.r5.j23.p1,1,x3208-RIGHT,none,x1300-LEFT,none,edge,1,21,R4K87A,100,86.2298359,"['x3208_RIGHT-x3209_LEFT', 'x10_BACK-x3209_BACK', 'd101_RIGHT-x10_LEFT', 'x1005_RIGHT-d101_LEFT', 'x1005_BACK-x1105_BACK', 'x1105_FRONT-x1205_FRONT', 'x1205_BACK-x1305_BACK', 'x1305_RIGHT-x1304_LEFT', 'x1304_RIGHT-x1303_LEFT', 'x1303_RIGHT-x1302_LEFT', 'x1302_RIGHT-x1301_LEFT', 'x1301_RIGHT-x1300_LEFT']"
3106.1303.00.0000,x3106.c0.r42.j21,none,x1303.c2.r5.j23.p0,x1303.c2.r5.j23.p1,1,x3106-LEFT,none,x1303-LEFT,none,edge,1,24,R4K87A,100,85.2547151,"['x3107_RIGHT-x3106_LEFT', 'x3108_RIGHT-x3107_LEFT', 'x11_RIGHT-x3108_LEFT', 'x10_BACK-x11_BACK', 'd101_RIGHT-x10_LEFT', 'x1005_RIGHT-d101_LEFT', 'x1005_BACK-x1105_BACK', 'x1105_FRONT-x1205_FRONT', 'x1205_BACK-x1305_BACK', 'x1305_RIGHT-x1304_LEFT', 'x1304_RIGHT-x1303_LEFT']"
3107.1202.00.0000,x3107.c0.r42.j23,none,x1202.c1.r3.j1.p0,x1202.c1.r3.j1.p1,1,x3107-LEFT,none,x1202-RIGHT,none,edge,1,17,R4K87A,100,84.6353172,"['x3108_RIGHT-x3107_LEFT', 'x11_RIGHT-x3108_LEFT', 'x10_BACK-x11_BACK', 'd101_RIGHT-x10_LEFT', 'x1005_RIGHT-d101_LEFT', 'x1004_RIGHT-x1005_LEFT', 'x1003_RIGHT-x1004_LEFT', 'x1003_BACK-x1103_BACK', 'x1103_FRONT-x1203_FRONT', 'x1202_RIGHT-x1203_LEFT']"
3107.1304.00.0000,x3107.c0.r42.j21,none,x1304.c1.r3.j1.p0,x1304.c1.r3.j1.p1,1,x3107-LEFT,none,x1304-RIGHT,none,edge,1,25,R4K87A,100,84.1412404,"['x3108_RIGHT-x3107_LEFT', 'x11_RIGHT-x3108_LEFT', 'x10_BACK-x11_BACK', 'd101_RIGHT-x10_LEFT', 'x1005_RIGHT-d101_LEFT', 'x1004_RIGHT-x1005_LEFT', 'x1004_BACK-x1104_BACK', 'x1104_FRONT-x1204_FRONT', 'x1204_BACK-x1304_BACK']"
3108.1202.00.0000,x3108.c0.r42.j23,none,x1202.c2.r5.j23.p0,x1202.c2.r5.j23.p1,1,x3108-LEFT,none,x1202-LEFT,none,edge,1,17,R4K87A,100,83.477703,"['x11_RIGHT-x3108_LEFT', 'x10_BACK-x11_BACK', 'd101_RIGHT-x10_LEFT', 'x1005_RIGHT-d101_LEFT', 'x1004_RIGHT-x1005_LEFT', 'x1003_RIGHT-x1004_LEFT', 'x1002_RIGHT-x1003_LEFT', 'x1002_BACK-x1102_BACK', 'x1102_FRONT-x1202_FRONT']"
3107.1100.00.0000,x3107.c0.r42.j19,none,x1100.c1.r3.j1.p0,x1100.c1.r3.j1.p1,1,x3107-LEFT,none,x1100-RIGHT,none,edge,1,9,R4K87A,100,83.3550066,"['x3108_RIGHT-x3107_LEFT', 'x11_RIGHT-x3108_LEFT', 'x10_BACK-x11_BACK', 'd101_RIGHT-x10_LEFT', 'x1005_RIGHT-d101_LEFT', 'x1004_RIGHT-x1005_LEFT', 'x1003_RIGHT-x1004_LEFT', 'x1002_RIGHT-x1003_LEFT', 'x1001_RIGHT-x1002_LEFT', 'x1000_RIGHT-x1001_LEFT', 'x1000_BACK-x1100_BACK']"
3101.1003.00.0000,x3101.c0.r42.j19,none,x1003.c1.r3.j1.p0,x1003.c1.r3.j1.p1,1,x3101-LEFT,none,x1003-RIGHT,none,edge,1,6,R4K87A,100,82.5450764,"['x3102_RIGHT-x3101_LEFT', 'x3103_RIGHT-x3102_LEFT', 'x3104_RIGHT-x3103_LEFT', 'x3105_RIGHT-x3104_LEFT', 'x3106_RIGHT-x3105_LEFT', 'x3107_RIGHT-x3106_LEFT', 'x3108_RIGHT-x3107_LEFT', 'x11_RIGHT-x3108_LEFT', 'x10_BACK-x11_BACK', 'd101_RIGHT-x10_LEFT', 'x1005_RIGHT-d101_LEFT', 'x1004_RIGHT-x1005_LEFT', 'x1003_RIGHT-x1004_LEFT']"
3108.1304.00.0000,x3108.c0.r42.j21,none,x1304.c2.r5.j23.p0,x1304.c2.r5.j23.p1,1,x3108-LEFT,none,x1304-LEFT,none,edge,1,25,R4K87A,100,82.3918065,"['x11_RIGHT-x3108_LEFT', 'x10_BACK-x11_BACK', 'd101_RIGHT-x10_LEFT', 'x1005_RIGHT-d101_LEFT', 'x1005_BACK-x1105_BACK', 'x1105_FRONT-x1205_FRONT', 'x1205_BACK-x1305_BACK', 'x1305_RIGHT-x1304_LEFT']"
3101.1105.00.0000,x3101.c0.r42.j17,none,x1105.c1.r3.j1.p0,x1105.c1.r3.j1.p1,1,x3101-LEFT,none,x1105-RIGHT,none,edge,1,14,R4K87A,100,82.2123405,"['x3102_RIGHT-x3101_LEFT', 'x3103_RIGHT-x3102_LEFT', 'x3104_RIGHT-x3103_LEFT', 'x3105_RIGHT-x3104_LEFT', 'x3106_RIGHT-x3105_LEFT', 'x3107_RIGHT-x3106_LEFT', 'x3108_RIGHT-x3107_LEFT', 'x11_RIGHT-x3108_LEFT', 'x10_BACK-x11_BACK', 'd101_RIGHT-x10_LEFT', 'x1005_RIGHT-d101_LEFT', 'x1005_BACK-x1105_BACK']"
3102.1003.00.0000,x3102.c0.r42.j19,none,x1003.c2.r5.j23.p0,x1003.c2.r5.j23.p1,1,x3102-LEFT,none,x1003-LEFT,none,edge,1,6,R4K87A,100,81.7138521,"['x3103_RIGHT-x3102_LEFT', 'x3104_RIGHT-x3103_LEFT', 'x3105_RIGHT-x3104_LEFT', 'x3106_RIGHT-x3105_LEFT', 'x3107_RIGHT-x3106_LEFT', 'x3108_RIGHT-x3107_LEFT', 'x11_RIGHT-x3108_LEFT', 'x10_BACK-x11_BACK', 'd101_RIGHT-x10_LEFT', 'x1005_RIGHT-d101_LEFT', 'x1004_RIGHT-x1005_LEFT', 'x1003_RIGHT-x1004_LEFT']"
3108.1100.00.0000,x3108.c0.r42.j19,none,x1100.c2.r5.j23.p0,x1100.c2.r5.j23.p1,1,x3108-LEFT,none,x1100-LEFT,none,edge,1,9,R4K87A,100,81.6055728,"['x11_RIGHT-x3108_LEFT', 'x10_BACK-x11_BACK', 'd101_RIGHT-x10_LEFT', 'x1005_RIGHT-d101_LEFT', 'x1005_BACK-x1105_BACK', 'x1105_RIGHT-x1104_LEFT', 'x1104_RIGHT-x1103_LEFT', 'x1103_RIGHT-x1102_LEFT', 'x1102_RIGHT-x1101_LEFT', 'x1101_RIGHT-x1100_LEFT']"
3102.1105.00.0000,x3102.c0.r42.j17,none,x1105.c2.r5.j23.p0,x1105.c2.r5.j23.p1,1,x3102-LEFT,none,x1105-LEFT,none,edge,1,14,R4K87A,100,80.8096165,"['x3103_RIGHT-x3102_LEFT', 'x3104_RIGHT-x3103_LEFT', 'x3105_RIGHT-x3104_LEFT', 'x3106_RIGHT-x3105_LEFT', 'x3107_RIGHT-x3106_LEFT', 'x3108_RIGHT-x3107_LEFT', 'x11_RIGHT-x3108_LEFT', 'x10_BACK-x11_BACK', 'd101_RIGHT-x10_LEFT', 'x1005_RIGHT-d101_LEFT', 'x1005_BACK-x1105_BACK']"
3206.1205.00.0000,x3206.c0.r42.j9,none,x1205.c2.r5.j23.p0,x1205.c2.r5.j23.p1,1,x3206-RIGHT,none,x1205-LEFT,none,edge,1,20,R4K87A,100,80.447198,"['x3206_RIGHT-x3207_LEFT', 'x3207_RIGHT-x3208_LEFT', 'x3208_RIGHT-x3209_LEFT', 'x10_BACK-x3209_BACK', 'd101_RIGHT-x10_LEFT', 'x1005_RIGHT-d101_LEFT', 'x1005_BACK-x1105_BACK', 'x1105_FRONT-x1205_FRONT']"
3206.1001.00.0000,x3206.c0.r42.j11,none,x1001.c2.r5.j23.p0,x1001.c2.r5.j23.p1,1,x3206-RIGHT,none,x1001-LEFT,none,edge,1,4,R4K87A,100,79.8230101,"['x3206_RIGHT-x3207_LEFT', 'x3207_RIGHT-x3208_LEFT', 'x3208_RIGHT-x3209_LEFT', 'x10_BACK-x3209_BACK', 'd101_RIGHT-x10_LEFT', 'x1005_RIGHT-d101_LEFT', 'x1004_RIGHT-x1005_LEFT', 'x1003_RIGHT-x1004_LEFT', 'x1002_RIGHT-x1003_LEFT', 'x1001_RIGHT-x1002_LEFT']"
3103.1004.00.0000,x3103.c0.r42.j17,none,x1004.c1.r3.j1.p0,x1004.c1.r3.j1.p1,1,x3103-LEFT,none,x1004-RIGHT,none,edge,1,7,R4K87A,100,79.7052511,"['x3104_RIGHT-x3103_LEFT', 'x3105_RIGHT-x3104_LEFT', 'x3106_RIGHT-x3105_LEFT', 'x3107_RIGHT-x3106_LEFT', 'x3108_RIGHT-x3107_LEFT', 'x11_RIGHT-x3108_LEFT', 'x10_BACK-x11_BACK', 'd101_RIGHT-x10_LEFT', 'x1005_RIGHT-d101_LEFT', 'x1004_RIGHT-x1005_LEFT']"
3104.1004.00.0000,x3104.c0.r42.j17,none,x1004.c2.r5.j23.p0,x1004.c2.r5.j23.p1,1,x3104-LEFT,none,x1004-LEFT,none,edge,1,7,R4K87A,100,78.8740268,"['x3105_RIGHT-x3104_LEFT', 'x3106_RIGHT-x3105_LEFT', 'x3107_RIGHT-x3106_LEFT', 'x3108_RIGHT-x3107_LEFT', 'x11_RIGHT-x3108_LEFT', 'x10_BACK-x11_BACK', 'd101_RIGHT-x10_LEFT', 'x1005_RIGHT-d101_LEFT', 'x1004_RIGHT-x1005_LEFT']"
3206.1103.00.0000,x3206.c0.r42.j23,none,x1103.c2.r5.j23.p0,x1103.c2.r5.j23.p1,1,x3206-RIGHT,none,x1103-LEFT,none,edge,1,12,R4K87A,100,78.6968369,"['x3206_RIGHT-x3207_LEFT', 'x3207_RIGHT-x3208_LEFT', 'x3208_RIGHT-x3209_LEFT', 'x10_BACK-x3209_BACK', 'd101_RIGHT-x10_LEFT', 'x1005_RIGHT-d101_LEFT', 'x1005_BACK-x1105_BACK', 'x1105_RIGHT-x1104_LEFT', 'x1104_RIGHT-x1103_LEFT']"
3207.1002.00.0000,x3207.c0.r42.j13,none,x1002.c1.r3.j1.p0,x1002.c1.r3.j1.p1,1,x3207-RIGHT,none,x1002-RIGHT,none,edge,1,5,R4K87A,100,77.8174816,"['x3207_RIGHT-x3208_LEFT', 'x3208_RIGHT-x3209_LEFT', 'x10_BACK-x3209_BACK', 'd101_RIGHT-x10_LEFT', 'x1005_RIGHT-d101_LEFT', 'x1004_RIGHT-x1005_LEFT', 'x1003_RIGHT-x1004_LEFT', 'x1002_RIGHT-x1003_LEFT']"
3207.1104.00.0000,x3207.c0.r42.j23,none,x1104.c1.r3.j1.p0,x1104.c1.r3.j1.p1,1,x3207-RIGHT,none,x1104-RIGHT,none,edge,1,13,R4K87A,100,77.5833622,"['x3207_RIGHT-x3208_LEFT', 'x3208_RIGHT-x3209_LEFT', 'x10_BACK-x3209_BACK', 'd101_RIGHT-x10_LEFT', 'x1005_RIGHT-d101_LEFT', 'x1004_RIGHT-x1005_LEFT', 'x1004_BACK-x1104_BACK']"
3208.1002.00.0000,x3208.c0.r42.j13,none,x1002.c2.r5.j23.p0,x1002.c2.r5.j23.p1,1,x3208-RIGHT,none,x1002-LEFT,none,edge,1,5,R4K87A,100,76.9862573,"['x3208_RIGHT-x3209_LEFT', 'x10_BACK-x3209_BACK', 'd101_RIGHT-x10_LEFT', 'x1005_RIGHT-d101_LEFT', 'x1004_RIGHT-x1005_LEFT', 'x1003_RIGHT-x1004_LEFT', 'x1002_RIGHT-x1003_LEFT']"
3105.1005.00.0000,x3105.c0.r42.j17,none,x1005.c1.r3.j1.p0,x1005.c1.r3.j1.p1,1,x3105-LEFT,none,x1005-RIGHT,none,edge,1,8,R4K87A,100,76.8423425,"['x3106_RIGHT-x3105_LEFT', 'x3107_RIGHT-x3106_LEFT', 'x3108_RIGHT-x3107_LEFT', 'x11_RIGHT-x3108_LEFT', 'x10_BACK-x11_BACK', 'd101_RIGHT-x10_LEFT', 'x1005_RIGHT-d101_LEFT']"
3106.1005.00.0000,x3106.c0.r42.j17,none,x1005.c2.r5.j23.p0,x1005.c2.r5.j23.p1,1,x3106-LEFT,none,x1005-LEFT,none,edge,1,8,R4K87A,100,76.0111182,"['x3107_RIGHT-x3106_LEFT', 'x3108_RIGHT-x3107_LEFT', 'x11_RIGHT-x3108_LEFT', 'x10_BACK-x11_BACK', 'd101_RIGHT-x10_LEFT', 'x1005_RIGHT-d101_LEFT']"
3208.1104.00.0000,x3208.c0.r42.j23,none,x1104.c2.r5.j23.p0,x1104.c2.r5.j23.p1,1,x3208-RIGHT,none,x1104-LEFT,none,edge,1,13,R4K87A,100,75.8339283,"['x3208_RIGHT-x3209_LEFT', 'x10_BACK-x3209_BACK', 'd101_RIGHT-x10_LEFT', 'x1005_RIGHT-d101_LEFT', 'x1005_BACK-x1105_BACK', 'x1105_RIGHT-x1104_LEFT']"
3101.3209.00.0000,x3101.c0.r42.j7,none,x3209.c0.r34.j26,none,1,x3101-LEFT,none,x3209-LEFT,none,global,1,2,R4K83A,25,21.7484234,"['x3102_RIGHT-x3101_LEFT', 'x3103_RIGHT-x3102_LEFT', 'x3104_RIGHT-x3103_LEFT', 'x3105_RIGHT-x3104_LEFT', 'x3106_RIGHT-x3105_LEFT', 'x3107_RIGHT-x3106_LEFT', 'x3108_RIGHT-x3107_LEFT', 'x11_RIGHT-x3108_LEFT', 'x11_FRONT-x3209_FRONT']"
3102.3209.00.0000,x3102.c0.r42.j7,none,x3209.c0.r35.j26,none,1,x3102-LEFT,none,x3209-LEFT,none,global,1,2,R4K83A,25,20.8821738,"['x3103_RIGHT-x3102_LEFT', 'x3104_RIGHT-x3103_LEFT', 'x3105_RIGHT-x3104_LEFT', 'x3106_RIGHT-x3105_LEFT', 'x3107_RIGHT-x3106_LEFT', 'x3108_RIGHT-x3107_LEFT', 'x11_RIGHT-x3108_LEFT', 'x11_FRONT-x3209_FRONT']"
3103.3209.00.0000,x3103.c0.r42.j15,none,x3209.c0.r31.j26,none,1,x3103-LEFT,none,x3209-LEFT,none,global,1,2,R4K83A,25,20.1395815,"['x3104_RIGHT-x3103_LEFT', 'x3105_RIGHT-x3104_LEFT', 'x3106_RIGHT-x3105_LEFT', 'x3107_RIGHT-x3106_LEFT', 'x3108_RIGHT-x3107_LEFT', 'x11_RIGHT-x3108_LEFT', 'x11_FRONT-x3209_FRONT']"
3104.3209.00.0000,x3104.c0.r42.j15,none,x3209.c0.r32.j26,none,1,x3104-LEFT,none,x3209-LEFT,none,global,1,2,R4K83A,25,19.273332,"['x3105_RIGHT-x3104_LEFT', 'x3106_RIGHT-x3105_LEFT', 'x3107_RIGHT-x3106_LEFT', 'x3108_RIGHT-x3107_LEFT', 'x11_RIGHT-x3108_LEFT', 'x11_FRONT-x3209_FRONT']"
3105.3209.00.0000,x3105.c0.r42.j15,none,x3209.c0.r34.j8,none,1,x3105-LEFT,none,x3209-LEFT,none,global,1,2,R4K82A,19,18.5833241,"['x3106_RIGHT-x3105_LEFT', 'x3107_RIGHT-x3106_LEFT', 'x3108_RIGHT-x3107_LEFT', 'x11_RIGHT-x3108_LEFT', 'x11_FRONT-x3209_FRONT']"
3106.3209.00.0000,x3106.c0.r42.j15,none,x3209.c0.r35.j8,none,1,x3106-LEFT,none,x3209-LEFT,none,global,1,2,R4K82A,19,17.7170745,"['x3107_RIGHT-x3106_LEFT', 'x3108_RIGHT-x3107_LEFT', 'x11_RIGHT-x3108_LEFT', 'x11_FRONT-x3209_FRONT']"
3107.3209.00.0000,x3107.c0.r42.j15,none,x3209.c0.r31.j8,none,1,x3107-LEFT,none,x3209-LEFT,none,global,1,2,R4K82A,19,17.0730748,"['x3108_RIGHT-x3107_LEFT', 'x11_RIGHT-x3108_LEFT', 'x11_FRONT-x3209_FRONT']"
3108.3209.00.0000,x3108.c0.r42.j15,none,x3209.c0.r32.j8,none,1,x3108-LEFT,none,x3209-LEFT,none,global,1,2,R4K82A,19,16.2068253,"['x11_RIGHT-x3108_LEFT', 'x11_FRONT-x3209_FRONT']"
3206.3200.00.0000,x3206.c0.r42.j10,none,x3200.c0.s19.b2.n0.h1,x3200.c0.s19.b1.n0.h1,1,x3206-LEFT,none,x3200-RIGHT,none,edge,1,n/a,R7N27A,30,14.8336305,"['x3205_RIGHT-x3206_LEFT', 'x3204_RIGHT-x3205_LEFT', 'x3203_RIGHT-x3204_LEFT', 'x3202_RIGHT-x3203_LEFT', 'x3201_RIGHT-x3202_LEFT', 'x3200_RIGHT-x3201_LEFT']"
3206.3200.00.0001,x3206.c0.r42.j12,none,x3200.c0.s21.b2.n0.h1,x3200.c0.s21.b1.n0.h1,1,x3206-LEFT,none,x3200-RIGHT,none,edge,1,n/a,R7N27A,30,14.7217078,"['x3205_RIGHT-x3206_LEFT', 'x3204_RIGHT-x3205_LEFT', 'x3203_RIGHT-x3204_LEFT', 'x3202_RIGHT-x3203_LEFT', 'x3201_RIGHT-x3202_LEFT', 'x3200_RIGHT-x3201_LEFT']"
3206.3200.00.0002,x3206.c0.r42.j14,none,x3200.c0.s29.b2.n0.h1,x3200.c0.s29.b1.n0.h1,1,x3206-LEFT,none,x3200-RIGHT,none,edge,1,n/a,R7N27A,30,14.3400543,"['x3205_RIGHT-x3206_LEFT', 'x3204_RIGHT-x3205_LEFT', 'x3203_RIGHT-x3204_LEFT', 'x3202_RIGHT-x3203_LEFT', 'x3201_RIGHT-x3202_LEFT', 'x3200_RIGHT-x3201_LEFT']"
3206.3200.00.0003,x3206.c0.r42.j24,none,x3200.c0.s31.b1.n0.h0,NC,1,x3206-LEFT,none,x3200-RIGHT,none,edge,1,n/a,R7N27A,30,14.1309547,"['x3205_RIGHT-x3206_LEFT', 'x3204_RIGHT-x3205_LEFT', 'x3203_RIGHT-x3204_LEFT', 'x3202_RIGHT-x3203_LEFT', 'x3201_RIGHT-x3202_LEFT', 'x3200_RIGHT-x3201_LEFT']"
3206.3200.00.0004,x3206.c0.r42.j22,none,x3200.c0.s31.b2.n0.h0,NC,1,x3206-LEFT,none,x3200-RIGHT,none,edge,1,n/a,R7N27A,30,14.153569,"['x3205_RIGHT-x3206_LEFT', 'x3204_RIGHT-x3205_LEFT', 'x3203_RIGHT-x3204_LEFT', 'x3202_RIGHT-x3203_LEFT', 'x3201_RIGHT-x3202_LEFT', 'x3200_RIGHT-x3201_LEFT']"
3201.3209.00.0000,x3201.c0.r42.j23,none,x3209.c0.r34.j25,none,1,x3201-RIGHT,none,x3209-LEFT,none,global,1,2,R4K82A,19,14.5310537,"['x3201_RIGHT-x3202_LEFT', 'x3202_RIGHT-x3203_LEFT', 'x3203_RIGHT-x3204_LEFT', 'x3204_RIGHT-x3205_LEFT', 'x3205_RIGHT-x3206_LEFT', 'x3206_RIGHT-x3207_LEFT', 'x3207_RIGHT-x3208_LEFT', 'x3208_RIGHT-x3209_LEFT']"
3202.3209.00.0000,x3202.c0.r42.j23,none,x3209.c0.r35.j25,none,1,x3202-RIGHT,none,x3209-LEFT,none,global,1,2,R4K81A,14,13.6648042,"['x3202_RIGHT-x3203_LEFT', 'x3203_RIGHT-x3204_LEFT', 'x3204_RIGHT-x3205_LEFT', 'x3205_RIGHT-x3206_LEFT', 'x3206_RIGHT-x3207_LEFT', 'x3207_RIGHT-x3208_LEFT', 'x3208_RIGHT-x3209_LEFT']"
3106.3100.00.0000,x3106.c0.r42.j10,none,x3100.c0.s19.b2.n0.h1,x3100.c0.s19.b1.n0.h1,1,x3106-RIGHT,none,x3100-LEFT,none,edge,1,n/a,R6F20A,10,8.0670856,"['x3106_RIGHT-x3105_LEFT', 'x3105_RIGHT-x3104_LEFT', 'x3104_RIGHT-x3103_LEFT', 'x3103_RIGHT-x3102_LEFT', 'x3102_RIGHT-x3101_LEFT', 'x3101_RIGHT-x3100_LEFT']"
3106.3100.00.0001,x3106.c0.r42.j12,none,x3100.c0.s21.b2.n0.h1,x3100.c0.s21.b1.n0.h1,1,x3106-RIGHT,none,x3100-LEFT,none,edge,1,n/a,R6F20A,10,8.0009955,"['x3106_RIGHT-x3105_LEFT', 'x3105_RIGHT-x3104_LEFT', 'x3104_RIGHT-x3103_LEFT', 'x3103_RIGHT-x3102_LEFT', 'x3102_RIGHT-x3101_LEFT', 'x3101_RIGHT-x3100_LEFT']"
3106.3100.00.0002,x3106.c0.r42.j14,none,x3100.c0.s29.b2.n0.h1,x3100.c0.s29.b1.n0.h1,1,x3106-RIGHT,none,x3100-LEFT,none,edge,1,n/a,R6F20A,10,7.671325,"['x3106_RIGHT-x3105_LEFT', 'x3105_RIGHT-x3104_LEFT', 'x3104_RIGHT-x3103_LEFT', 'x3103_RIGHT-x3102_LEFT', 'x3102_RIGHT-x3101_LEFT', 'x3101_RIGHT-x3100_LEFT']"
3106.3100.00.0003,x3106.c0.r42.j24,none,x3100.c0.s31.b1.n0.h0,NC,1,x3106-RIGHT,none,x3100-LEFT,none,edge,1,n/a,R6F20A,10,7.7035485,"['x3106_RIGHT-x3105_LEFT', 'x3105_RIGHT-x3104_LEFT', 'x3104_RIGHT-x3103_LEFT', 'x3103_RIGHT-x3102_LEFT', 'x3102_RIGHT-x3101_LEFT', 'x3101_RIGHT-x3100_LEFT']"
3106.3100.00.0004,x3106.c0.r42.j22,none,x3100.c0.s31.b2.n0.h0,NC,1,x3106-RIGHT,none,x3100-LEFT,none,edge,1,n/a,R6F20A,10,7.6805013,"['x3106_RIGHT-x3105_LEFT', 'x3105_RIGHT-x3104_LEFT', 'x3104_RIGHT-x3103_LEFT', 'x3103_RIGHT-x3102_LEFT', 'x3102_RIGHT-x3101_LEFT', 'x3101_RIGHT-x3100_LEFT']"
3105.3100.00.0000,x3105.c0.r42.j10,none,x3100.c0.s17.b2.n0.h1,x3100.c0.s17.b1.n0.h1,1,x3105-RIGHT,none,x3100-LEFT,none,edge,1,n/a,R6F20A,10,7.334186,"['x3105_RIGHT-x3104_LEFT', 'x3104_RIGHT-x3103_LEFT', 'x3103_RIGHT-x3102_LEFT', 'x3102_RIGHT-x3101_LEFT', 'x3101_RIGHT-x3100_LEFT']"
3105.3100.00.0001,x3105.c0.r42.j12,none,x3100.c0.s19.b2.n0.h0,x3100.c0.s19.b1.n0.h0,1,x3105-RIGHT,none,x3100-LEFT,none,edge,1,n/a,R6F20A,10,7.2680959,"['x3105_RIGHT-x3104_LEFT', 'x3104_RIGHT-x3103_LEFT', 'x3103_RIGHT-x3102_LEFT', 'x3102_RIGHT-x3101_LEFT', 'x3101_RIGHT-x3100_LEFT']"
3105.3100.00.0002,x3105.c0.r42.j14,none,x3100.c0.s21.b2.n0.h0,x3100.c0.s21.b1.n0.h0,1,x3105-RIGHT,none,x3100-LEFT,none,edge,1,n/a,R6F20A,10,7.2051252,"['x3105_RIGHT-x3104_LEFT', 'x3104_RIGHT-x3103_LEFT', 'x3103_RIGHT-x3102_LEFT', 'x3102_RIGHT-x3101_LEFT', 'x3101_RIGHT-x3100_LEFT']"
3105.3100.00.0003,x3105.c0.r42.j24,none,x3100.c0.s29.b2.n0.h0,x3100.c0.s29.b1.n0.h0,1,x3105-RIGHT,none,x3100-LEFT,none,edge,1,n/a,R6F20A,10,6.9706488,"['x3105_RIGHT-x3104_LEFT', 'x3104_RIGHT-x3103_LEFT', 'x3103_RIGHT-x3102_LEFT', 'x3102_RIGHT-x3101_LEFT', 'x3101_RIGHT-x3100_LEFT']"
3205.3200.00.0000,x3205.c0.r42.j10,none,x3200.c0.s17.b2.n0.h1,x3200.c0.s17.b1.n0.h1,1,x3205-LEFT,none,x3200-RIGHT,none,edge,1,n/a,R6F20A,10,7.4041311,"['x3204_RIGHT-x3205_LEFT', 'x3203_RIGHT-x3204_LEFT', 'x3202_RIGHT-x3203_LEFT', 'x3201_RIGHT-x3202_LEFT', 'x3200_RIGHT-x3201_LEFT']"
3205.3200.00.0001,x3205.c0.r42.j12,none,x3200.c0.s19.b2.n0.h0,x3200.c0.s19.b1.n0.h0,1,x3205-LEFT,none,x3200-RIGHT,none,edge,1,n/a,R6F20A,10,7.2922083,"['x3204_RIGHT-x3205_LEFT', 'x3203_RIGHT-x3204_LEFT', 'x3202_RIGHT-x3203_LEFT', 'x3201_RIGHT-x3202_LEFT', 'x3200_RIGHT-x3201_LEFT']"
3205.3200.00.0002,x3205.c0.r42.j14,none,x3200.c0.s21.b2.n0.h0,x3200.c0.s21.b1.n0.h0,1,x3205-LEFT,none,x3200-RIGHT,none,edge,1,n/a,R6F20A,10,7.1772547,"['x3204_RIGHT-x3205_LEFT', 'x3203_RIGHT-x3204_LEFT', 'x3202_RIGHT-x3203_LEFT', 'x3201_RIGHT-x3202_LEFT', 'x3200_RIGHT-x3201_LEFT']"
3205.3200.00.0003,x3205.c0.r42.j24,none,x3200.c0.s29.b2.n0.h0,x3200.c0.s29.b1.n0.h0,1,x3205-LEFT,none,x3200-RIGHT,none,edge,1,n/a,R6F20A,10,6.7014553,"['x3204_RIGHT-x3205_LEFT', 'x3203_RIGHT-x3204_LEFT', 'x3202_RIGHT-x3203_LEFT', 'x3201_RIGHT-x3202_LEFT', 'x3200_RIGHT-x3201_LEFT']"
3104.3100.00.0000,x3104.c0.r42.j10,none,x3100.c0.s11.b2.n0.h1,x3100.c0.s11.b1.n0.h1,1,x3104-RIGHT,none,x3100-LEFT,none,edge,1,n/a,R6F20A,10,6.7790862,"['x3104_RIGHT-x3103_LEFT', 'x3103_RIGHT-x3102_LEFT', 'x3102_RIGHT-x3101_LEFT', 'x3101_RIGHT-x3100_LEFT']"
3104.3100.00.0001,x3104.c0.r42.j12,none,x3100.c0.s13.b2.n0.h1,x3100.c0.s13.b1.n0.h1,1,x3104-RIGHT,none,x3100-LEFT,none,edge,1,n/a,R6F20A,10,6.7129961,"['x3104_RIGHT-x3103_LEFT', 'x3103_RIGHT-x3102_LEFT', 'x3102_RIGHT-x3101_LEFT', 'x3101_RIGHT-x3100_LEFT']"
3104.3100.00.0002,x3104.c0.r42.j14,none,x3100.c0.s15.b2.n0.h1,x3100.c0.s15.b1.n0.h1,1,x3104-RIGHT,none,x3100-LEFT,none,edge,1,n/a,R6F20A,10,6.6500254,"['x3104_RIGHT-x3103_LEFT', 'x3103_RIGHT-x3102_LEFT', 'x3102_RIGHT-x3101_LEFT', 'x3101_RIGHT-x3100_LEFT']"
3104.3100.00.0003,x3104.c0.r42.j24,none,x3100.c0.s17.b2.n0.h0,x3100.c0.s17.b1.n0.h0,1,x3104-RIGHT,none,x3100-LEFT,none,edge,1,n/a,R6F20A,10,6.6822489,"['x3104_RIGHT-x3103_LEFT', 'x3103_RIGHT-x3102_LEFT', 'x3102_RIGHT-x3101_LEFT', 'x3101_RIGHT-x3100_LEFT']"
3204.3200.00.0000,x3204.c0.r42.j10,none,x3200.c0.s11.b2.n0.h1,x3200.c0.s11.b1.n0.h1,1,x3204-LEFT,none,x3200-RIGHT,none,edge,1,n/a,R6F20A,10,6.8490313,"['x3203_RIGHT-x3204_LEFT', 'x3202_RIGHT-x3203_LEFT', 'x3201_RIGHT-x3202_LEFT', 'x3200_RIGHT-x3201_LEFT']"
3204.3200.00.0001,x3204.c0.r42.j12,none,x3200.c0.s13.b2.n0.h1,x3200.c0.s13.b1.n0.h1,1,x3204-LEFT,none,x3200-RIGHT,none,edge,1,n/a,R6F20A,10,6.7371086,"['x3203_RIGHT-x3204_LEFT', 'x3202_RIGHT-x3203_LEFT', 'x3201_RIGHT-x3202_LEFT', 'x3200_RIGHT-x3201_LEFT']"
3204.3200.00.0002,x3204.c0.r42.j14,none,x3200.c0.s15.b2.n0.h1,x3200.c0.s15.b1.n0.h1,1,x3204-LEFT,none,x3200-RIGHT,none,edge,1,n/a,R6F20A,10,6.6221549,"['x3203_RIGHT-x3204_LEFT', 'x3202_RIGHT-x3203_LEFT', 'x3201_RIGHT-x3202_LEFT', 'x3200_RIGHT-x3201_LEFT']"
3204.3200.00.0003,x3204.c0.r42.j24,none,x3200.c0.s17.b2.n0.h0,x3200.c0.s17.b1.n0.h0,1,x3204-LEFT,none,x3200-RIGHT,none,edge,1,n/a,R6F20A,10,6.4130554,"['x3203_RIGHT-x3204_LEFT', 'x3202_RIGHT-x3203_LEFT', 'x3201_RIGHT-x3202_LEFT', 'x3200_RIGHT-x3201_LEFT']"
3103.3100.00.0000,x3103.c0.r42.j10,none,x3100.c0.s9.b2.n0.h1,x3100.c0.s9.b1.n0.h1,1,x3103-RIGHT,none,x3100-LEFT,none,edge,1,n/a,R6F20A,10,6.0461866,"['x3103_RIGHT-x3102_LEFT', 'x3102_RIGHT-x3101_LEFT', 'x3101_RIGHT-x3100_LEFT']"
3103.3100.00.0001,x3103.c0.r42.j12,none,x3100.c0.s11.b2.n0.h0,x3100.c0.s11.b1.n0.h0,1,x3103-RIGHT,none,x3100-LEFT,none,edge,1,n/a,R6F20A,10,5.9800965,"['x3103_RIGHT-x3102_LEFT', 'x3102_RIGHT-x3101_LEFT', 'x3101_RIGHT-x3100_LEFT']"
3103.3100.00.0002,x3103.c0.r42.j14,none,x3100.c0.s13.b2.n0.h0,x3100.c0.s13.b1.n0.h0,1,x3103-RIGHT,none,x3100-LEFT,none,edge,1,n/a,R6F20A,10,5.9171258,"['x3103_RIGHT-x3102_LEFT', 'x3102_RIGHT-x3101_LEFT', 'x3101_RIGHT-x3100_LEFT']"
3103.3100.00.0003,x3103.c0.r42.j24,none,x3100.c0.s15.b2.n0.h0,x3100.c0.s15.b1.n0.h0,1,x3103-RIGHT,none,x3100-LEFT,none,edge,1,n/a,R6F20A,10,5.9493493,"['x3103_RIGHT-x3102_LEFT', 'x3102_RIGHT-x3101_LEFT', 'x3101_RIGHT-x3100_LEFT']"
3203.3200.00.0000,x3203.c0.r42.j10,none,x3200.c0.s9.b2.n0.h1,x3200.c0.s9.b1.n0.h1,1,x3203-LEFT,none,x3200-RIGHT,none,edge,1,n/a,R6F20A,10,6.1161317,"['x3202_RIGHT-x3203_LEFT', 'x3201_RIGHT-x3202_LEFT', 'x3200_RIGHT-x3201_LEFT']"
3203.3200.00.0001,x3203.c0.r42.j12,none,x3200.c0.s11.b2.n0.h0,x3200.c0.s11.b1.n0.h0,1,x3203-LEFT,none,x3200-RIGHT,none,edge,1,n/a,R6F20A,10,6.0042089,"['x3202_RIGHT-x3203_LEFT', 'x3201_RIGHT-x3202_LEFT', 'x3200_RIGHT-x3201_LEFT']"
3203.3200.00.0002,x3203.c0.r42.j14,none,x3200.c0.s13.b2.n0.h0,x3200.c0.s13.b1.n0.h0,1,x3203-LEFT,none,x3200-RIGHT,none,edge,1,n/a,R6F20A,10,5.8892553,"['x3202_RIGHT-x3203_LEFT', 'x3201_RIGHT-x3202_LEFT', 'x3200_RIGHT-x3201_LEFT']"
3203.3200.00.0003,x3203.c0.r42.j24,none,x3200.c0.s15.b2.n0.h0,x3200.c0.s15.b1.n0.h0,1,x3203-LEFT,none,x3200-RIGHT,none,edge,1,n/a,R6F20A,10,5.6801558,"['x3202_RIGHT-x3203_LEFT', 'x3201_RIGHT-x3202_LEFT', 'x3200_RIGHT-x3201_LEFT']"
3102.3100.00.0000,x3102.c0.r42.j10,none,x3100.c0.s1.b2.n0.h1,x3100.c0.s1.b1.n0.h1,1,x3102-RIGHT,none,x3100-LEFT,none,edge,1,n/a,R6F20A,10,5.5799868,"['x3102_RIGHT-x3101_LEFT', 'x3101_RIGHT-x3100_LEFT']"
3102.3100.00.0001,x3102.c0.r42.j12,none,x3100.c0.s3.b2.n0.h1,x3100.c0.s3.b1.n0.h1,1,x3102-RIGHT,none,x3100-LEFT,none,edge,1,n/a,R6F20A,10,5.5138967,"['x3102_RIGHT-x3101_LEFT', 'x3101_RIGHT-x3100_LEFT']"
3102.3100.00.0002,x3102.c0.r42.j14,none,x3100.c0.s5.b2.n0.h1,x3100.c0.s5.b1.n0.h1,1,x3102-RIGHT,none,x3100-LEFT,none,edge,1,n/a,R6F20A,10,5.450926,"['x3102_RIGHT-x3101_LEFT', 'x3101_RIGHT-x3100_LEFT']"
3102.3100.00.0003,x3102.c0.r42.j24,none,x3100.c0.s7.b2.n0.h1,x3100.c0.s7.b1.n0.h1,1,x3102-RIGHT,none,x3100-LEFT,none,edge,1,n/a,R6F20A,10,5.4831495,"['x3102_RIGHT-x3101_LEFT', 'x3101_RIGHT-x3100_LEFT']"
3102.3100.00.0004,x3102.c0.r42.j22,none,x3100.c0.s9.b2.n0.h0,x3100.c0.s9.b1.n0.h0,1,x3102-RIGHT,none,x3100-LEFT,none,edge,1,n/a,R6F20A,10,5.3712023,"['x3102_RIGHT-x3101_LEFT', 'x3101_RIGHT-x3100_LEFT']"
3202.3200.00.0000,x3202.c0.r42.j10,none,x3200.c0.s1.b2.n0.h1,x3200.c0.s1.b1.n0.h1,1,x3202-LEFT,none,x3200-RIGHT,none,edge,1,n/a,R6F20A,10,5.6499319,"['x3201_RIGHT-x3202_LEFT', 'x3200_RIGHT-x3201_LEFT']"
3202.3200.00.0001,x3202.c0.r42.j12,none,x3200.c0.s3.b2.n0.h1,x3200.c0.s3.b1.n0.h1,1,x3202-LEFT,none,x3200-RIGHT,none,edge,1,n/a,R6F20A,10,5.5380092,"['x3201_RIGHT-x3202_LEFT', 'x3200_RIGHT-x3201_LEFT']"
3202.3200.00.0002,x3202.c0.r42.j14,none,x3200.c0.s5.b2.n0.h1,x3200.c0.s5.b1.n0.h1,1,x3202-LEFT,none,x3200-RIGHT,none,edge,1,n/a,R6F20A,10,5.4230555,"['x3201_RIGHT-x3202_LEFT', 'x3200_RIGHT-x3201_LEFT']"
3202.3200.00.0003,x3202.c0.r42.j24,none,x3200.c0.s7.b2.n0.h1,x3200.c0.s7.b1.n0.h1,1,x3202-LEFT,none,x3200-RIGHT,none,edge,1,n/a,R6F20A,10,5.213956,"['x3201_RIGHT-x3202_LEFT', 'x3200_RIGHT-x3201_LEFT']"
3202.3200.00.0004,x3202.c0.r42.j22,none,x3200.c0.s9.b2.n0.h0,x3200.c0.s9.b1.n0.h0,1,x3202-LEFT,none,x3200-RIGHT,none,edge,1,n/a,R6F20A,10,5.1476703,"['x3201_RIGHT-x3202_LEFT', 'x3200_RIGHT-x3201_LEFT']"
3101.3100.00.0000,x3101.c0.r42.j10,none,x3100.c0.s1.b2.n0.h0,x3100.c0.s1.b1.n0.h0,1,x3101-RIGHT,none,x3100-LEFT,none,edge,1,n/a,R6F20A,10,4.2970674,['x3101_RIGHT-x3100_LEFT']
3101.3100.00.0001,x3101.c0.r42.j12,none,x3100.c0.s3.b2.n0.h0,x3100.c0.s3.b1.n0.h0,1,x3101-RIGHT,none,x3100-LEFT,none,edge,1,n/a,R6F20A,10,4.2309773,['x3101_RIGHT-x3100_LEFT']
3101.3100.00.0002,x3101.c0.r42.j14,none,x3100.c0.s5.b2.n0.h0,x3100.c0.s5.b1.n0.h0,1,x3101-RIGHT,none,x3100-LEFT,none,edge,1,n/a,R6F20A,10,4.1680066,['x3101_RIGHT-x3100_LEFT']
3101.3100.00.0003,x3101.c0.r42.j24,none,x3100.c0.s7.b2.n0.h0,x3100.c0.s7.b1.n0.h0,1,x3101-RIGHT,none,x3100-LEFT,none,edge,1,n/a,R6F20A,10,4.2002301,['x3101_RIGHT-x3100_LEFT']
3201.3200.00.0000,x3201.c0.r42.j10,none,x3200.c0.s1.b2.n0.h0,x3200.c0.s1.b1.n0.h0,1,x3201-LEFT,none,x3200-RIGHT,none,edge,1,n/a,R6F20A,10,4.3670125,['x3200_RIGHT-x3201_LEFT']
3201.3200.00.0001,x3201.c0.r42.j12,none,x3200.c0.s3.b2.n0.h0,x3200.c0.s3.b1.n0.h0,1,x3201-LEFT,none,x3200-RIGHT,none,edge,1,n/a,R6F20A,10,4.2550898,['x3200_RIGHT-x3201_LEFT']
3201.3200.00.0002,x3201.c0.r42.j14,none,x3200.c0.s5.b2.n0.h0,x3200.c0.s5.b1.n0.h0,1,x3201-LEFT,none,x3200-RIGHT,none,edge,1,n/a,R6F20A,10,4.1401361,['x3200_RIGHT-x3201_LEFT']
3201.3200.00.0003,x3201.c0.r42.j24,none,x3200.c0.s7.b2.n0.h0,x3200.c0.s7.b1.n0.h0,1,x3201-LEFT,none,x3200-RIGHT,none,edge,1,n/a,R6F19A,4,3.9310366,['x3200_RIGHT-x3201_LEFT']
3101.3101.00.0000,x3101.c0.r42.j22,none,x3101.c0.s39.b2.n0.h0,x3101.c0.s33.b1.n0.h0,1,none,none,none,none,edge,1,n/a,R6F19A,4,2.7026225,[]
3101.3101.00.0001,x3101.c0.r42.j18,none,x3101.c0.s35.b1.n0.h0,x3101.c0.s33.b2.n0.h0,1,none,none,none,none,edge,1,n/a,R6F19A,4,2.653359,[]
3101.3101.00.0002,x3101.c0.r42.j20,none,x3101.c0.s37.b1.n0.h0,x3101.c0.s35.b2.n0.h0,1,none,none,none,none,edge,1,n/a,R6F19A,4,2.5875529,[]
3101.3101.00.0003,x3101.c0.r42.j16,none,x3101.c0.s39.b1.n0.h0,x3101.c0.s37.b2.n0.h0,1,none,none,none,none,edge,1,n/a,R6F19A,4,2.4494093,[]
3102.3102.00.0000,x3102.c0.r42.j18,none,x3102.c0.s37.b2.n0.h0,x3102.c0.s33.b1.n0.h0,1,none,none,none,none,edge,1,n/a,R6F19A,4,2.653359,[]
3102.3102.00.0001,x3102.c0.r42.j20,none,x3102.c0.s35.b1.n0.h0,x3102.c0.s33.b2.n0.h0,1,none,none,none,none,edge,1,n/a,R6F19A,4,2.6764528,[]
3102.3102.00.0002,x3102.c0.r42.j16,none,x3102.c0.s37.b1.n0.h0,x3102.c0.s35.b2.n0.h0,1,none,none,none,none,edge,1,n/a,R6F19A,4,2.5383092,[]
3103.3103.00.0000,x3103.c0.r42.j22,none,x3103.c0.s39.b2.n0.h0,x3103.c0.s33.b1.n0.h0,1,none,none,none,none,edge,1,n/a,R6F19A,4,2.7026225,[]
3103.3103.00.0001,x3103.c0.r42.j18,none,x3103.c0.s35.b1.n0.h0,x3103.c0.s33.b2.n0.h0,1,none,none,none,none,edge,1,n/a,R6F19A,4,2.653359,[]
3103.3103.00.0002,x3103.c0.r42.j20,none,x3103.c0.s37.b1.n0.h0,x3103.c0.s35.b2.n0.h0,1,none,none,none,none,edge,1,n/a,R6F19A,4,2.5875529,[]
3103.3103.00.0003,x3103.c0.r42.j16,none,x3103.c0.s39.b1.n0.h0,x3103.c0.s37.b2.n0.h0,1,none,none,none,none,edge,1,n/a,R6F19A,4,2.4494093,[]
3104.3104.00.0000,x3104.c0.r42.j22,none,x3104.c0.s39.b2.n0.h0,x3104.c0.s33.b1.n0.h0,1,none,none,none,none,edge,1,n/a,R6F19A,4,2.7026225,[]
3104.3104.00.0001,x3104.c0.r42.j18,none,x3104.c0.s35.b1.n0.h0,x3104.c0.s33.b2.n0.h0,1,none,none,none,none,edge,1,n/a,R6F19A,4,2.653359,[]
3104.3104.00.0002,x3104.c0.r42.j20,none,x3104.c0.s37.b1.n0.h0,x3104.c0.s35.b2.n0.h0,1,none,none,none,none,edge,1,n/a,R6F19A,4,2.5875529,[]
3104.3104.00.0003,x3104.c0.r42.j16,none,x3104.c0.s39.b1.n0.h0,x3104.c0.s37.b2.n0.h0,1,none,none,none,none,edge,1,n/a,R6F19A,4,2.4494093,[]
3105.3105.00.0000,x3105.c0.r42.j22,none,x3105.c0.s39.b2.n0.h0,x3105.c0.s33.b1.n0.h0,1,none,none,none,none,edge,1,n/a,R6F19A,4,2.7026225,[]
3105.3105.00.0001,x3105.c0.r42.j18,none,x3105.c0.s35.b1.n0.h0,x3105.c0.s33.b2.n0.h0,1,none,none,none,none,edge,1,n/a,R6F19A,4,2.653359,[]
3105.3105.00.0002,x3105.c0.r42.j20,none,x3105.c0.s37.b1.n0.h0,x3105.c0.s35.b2.n0.h0,1,none,none,none,none,edge,1,n/a,R6F19A,4,2.5875529,[]
3105.3105.00.0003,x3105.c0.r42.j16,none,x3105.c0.s39.b1.n0.h0,x3105.c0.s37.b2.n0.h0,1,none,none,none,none,edge,1,n/a,R6F19A,4,2.4494093,[]
3106.3106.00.0000,x3106.c0.r42.j18,none,x3106.c0.s37.b2.n0.h0,x3106.c0.s33.b1.n0.h0,1,none,none,none,none,edge,1,n/a,R6F19A,4,2.653359,[]
3106.3106.00.0001,x3106.c0.r42.j20,none,x3106.c0.s35.b1.n0.h0,x3106.c0.s33.b2.n0.h0,1,none,none,none,none,edge,1,n/a,R6F19A,4,2.6764528,[]
3106.3106.00.0002,x3106.c0.r42.j16,none,x3106.c0.s37.b1.n0.h0,x3106.c0.s35.b2.n0.h0,1,none,none,none,none,edge,1,n/a,R6F19A,4,2.5383092,[]
3107.3107.00.0000,x3107.c0.r42.j10,none,x3107.c0.s39.b2.n0.h0,x3107.c0.s33.b1.n0.h0,1,none,none,none,none,edge,1,n/a,R6F19A,4,2.5550034,[]
3107.3107.00.0001,x3107.c0.r42.j12,none,x3107.c0.s35.b1.n0.h0,x3107.c0.s33.b2.n0.h0,1,none,none,none,none,edge,1,n/a,R6F19A,4,2.5780261,[]
3107.3107.00.0002,x3107.c0.r42.j14,none,x3107.c0.s37.b1.n0.h0,x3107.c0.s35.b2.n0.h0,1,none,none,none,none,edge,1,n/a,R6F19A,4,2.5152389,[]
3107.3107.00.0003,x3107.c0.r42.j24,none,x3107.c0.s39.b1.n0.h0,x3107.c0.s37.b2.n0.h0,1,none,none,none,none,edge,1,n/a,R6F19A,4,2.5479296,[]
3108.3108.00.0000,x3108.c0.r42.j10,none,x3108.c0.s39.b2.n0.h0,x3108.c0.s33.b1.n0.h0,1,none,none,none,none,edge,1,n/a,R6F19A,4,2.5550034,[]
3108.3108.00.0001,x3108.c0.r42.j12,none,x3108.c0.s35.b1.n0.h0,x3108.c0.s33.b2.n0.h0,1,none,none,none,none,edge,1,n/a,R6F19A,4,2.5780261,[]
3108.3108.00.0002,x3108.c0.r42.j14,none,x3108.c0.s37.b1.n0.h0,x3108.c0.s35.b2.n0.h0,1,none,none,none,none,edge,1,n/a,R6F19A,4,2.5152389,[]
3108.3108.00.0003,x3108.c0.r42.j24,none,x3108.c0.s39.b1.n0.h0,x3108.c0.s37.b2.n0.h0,1,none,none,none,none,edge,1,n/a,R6F19A,4,2.5479296,[]
3201.3201.00.0000,x3201.c0.r42.j22,none,x3201.c0.s39.b2.n0.h0,x3201.c0.s33.b1.n0.h0,1,none,none,none,none,edge,1,n/a,R6F19A,4,2.7026225,[]
3201.3201.00.0001,x3201.c0.r42.j18,none,x3201.c0.s35.b1.n0.h0,x3201.c0.s33.b2.n0.h0,1,none,none,none,none,edge,1,n/a,R6F19A,4,2.653359,[]
3201.3201.00.0002,x3201.c0.r42.j20,none,x3201.c0.s37.b1.n0.h0,x3201.c0.s35.b2.n0.h0,1,none,none,none,none,edge,1,n/a,R6F19A,4,2.5875529,[]
3201.3201.00.0003,x3201.c0.r42.j16,none,x3201.c0.s39.b1.n0.h0,x3201.c0.s37.b2.n0.h0,1,none,none,none,none,edge,1,n/a,R6F19A,4,2.4494093,[]
3202.3202.00.0000,x3202.c0.r42.j18,none,x3202.c0.s37.b2.n0.h0,x3202.c0.s33.b1.n0.h0,1,none,none,none,none,edge,1,n/a,R6F19A,4,2.653359,[]
3202.3202.00.0001,x3202.c0.r42.j20,none,x3202.c0.s35.b1.n0.h0,x3202.c0.s33.b2.n0.h0,1,none,none,none,none,edge,1,n/a,R6F19A,4,2.6764528,[]
3202.3202.00.0002,x3202.c0.r42.j16,none,x3202.c0.s37.b1.n0.h0,x3202.c0.s35.b2.n0.h0,1,none,none,none,none,edge,1,n/a,R6F19A,4,2.5383092,[]
3203.3203.00.0000,x3203.c0.r42.j22,none,x3203.c0.s39.b2.n0.h0,x3203.c0.s33.b1.n0.h0,1,none,none,none,none,edge,1,n/a,R6F19A,4,2.7026225,[]
3203.3203.00.0001,x3203.c0.r42.j18,none,x3203.c0.s35.b1.n0.h0,x3203.c0.s33.b2.n0.h0,1,none,none,none,none,edge,1,n/a,R6F19A,4,2.653359,[]
3203.3203.00.0002,x3203.c0.r42.j20,none,x3203.c0.s37.b1.n0.h0,x3203.c0.s35.b2.n0.h0,1,none,none,none,none,edge,1,n/a,R6F19A,4,2.5875529,[]
3203.3203.00.0003,x3203.c0.r42.j16,none,x3203.c0.s39.b1.n0.h0,x3203.c0.s37.b2.n0.h0,1,none,none,none,none,edge,1,n/a,R6F19A,4,2.4494093,[]
3204.3204.00.0000,x3204.c0.r42.j22,none,x3204.c0.s39.b2.n0.h0,x3204.c0.s33.b1.n0.h0,1,none,none,none,none,edge,1,n/a,R6F19A,4,2.7026225,[]
3204.3204.00.0001,x3204.c0.r42.j18,none,x3204.c0.s35.b1.n0.h0,x3204.c0.s33.b2.n0.h0,1,none,none,none,none,edge,1,n/a,R6F19A,4,2.653359,[]
3204.3204.00.0002,x3204.c0.r42.j20,none,x3204.c0.s37.b1.n0.h0,x3204.c0.s35.b2.n0.h0,1,none,none,none,none,edge,1,n/a,R6F19A,4,2.5875529,[]
3204.3204.00.0003,x3204.c0.r42.j16,none,x3204.c0.s39.b1.n0.h0,x3204.c0.s37.b2.n0.h0,1,none,none,none,none,edge,1,n/a,R6F19A,4,2.4494093,[]
3205.3205.00.0000,x3205.c0.r42.j22,none,x3205.c0.s39.b2.n0.h0,x3205.c0.s33.b1.n0.h0,1,none,none,none,none,edge,1,n/a,R6F19A,4,2.7026225,[]
3205.3205.00.0001,x3205.c0.r42.j18,none,x3205.c0.s35.b1.n0.h0,x3205.c0.s33.b2.n0.h0,1,none,none,none,none,edge,1,n/a,R6F19A,4,2.653359,[]
3205.3205.00.0002,x3205.c0.r42.j20,none,x3205.c0.s37.b1.n0.h0,x3205.c0.s35.b2.n0.h0,1,none,none,none,none,edge,1,n/a,R6F19A,4,2.5875529,[]
3205.3205.00.0003,x3205.c0.r42.j16,none,x3205.c0.s39.b1.n0.h0,x3205.c0.s37.b2.n0.h0,1,none,none,none,none,edge,1,n/a,R6F19A,4,2.4494093,[]
3206.3206.00.0000,x3206.c0.r42.j18,none,x3206.c0.s37.b2.n0.h0,x3206.c0.s33.b1.n0.h0,1,none,none,none,none,edge,1,n/a,R6F19A,4,2.653359,[]
3206.3206.00.0001,x3206.c0.r42.j20,none,x3206.c0.s35.b1.n0.h0,x3206.c0.s33.b2.n0.h0,1,none,none,none,none,edge,1,n/a,R6F19A,4,2.6764528,[]
3206.3206.00.0002,x3206.c0.r42.j16,none,x3206.c0.s37.b1.n0.h0,x3206.c0.s35.b2.n0.h0,1,none,none,none,none,edge,1,n/a,R6F19A,4,2.5383092,[]
3207.3207.00.0000,x3207.c0.r42.j10,none,x3207.c0.s39.b2.n0.h0,x3207.c0.s33.b1.n0.h0,1,none,none,none,none,edge,1,n/a,R6F19A,4,2.5550034,[]
3207.3207.00.0001,x3207.c0.r42.j12,none,x3207.c0.s35.b1.n0.h0,x3207.c0.s33.b2.n0.h0,1,none,none,none,none,edge,1,n/a,R6F19A,4,2.5780261,[]
3207.3207.00.0002,x3207.c0.r42.j14,none,x3207.c0.s37.b1.n0.h0,x3207.c0.s35.b2.n0.h0,1,none,none,none,none,edge,1,n/a,R6F19A,4,2.5152389,[]
3207.3207.00.0003,x3207.c0.r42.j24,none,x3207.c0.s39.b1.n0.h0,x3207.c0.s37.b2.n0.h0,1,none,none,none,none,edge,1,n/a,R6F19A,4,2.5479296,[]
3208.3208.00.0000,x3208.c0.r42.j10,none,x3208.c0.s39.b2.n0.h0,x3208.c0.s33.b1.n0.h0,1,none,none,none,none,edge,1,n/a,R6F19A,4,2.5550034,[]
3208.3208.00.0001,x3208.c0.r42.j12,none,x3208.c0.s35.b1.n0.h0,x3208.c0.s33.b2.n0.h0,1,none,none,none,none,edge,1,n/a,R6F19A,4,2.5780261,[]
3208.3208.00.0002,x3208.c0.r42.j14,none,x3208.c0.s37.b1.n0.h0,x3208.c0.s35.b2.n0.h0,1,none,none,none,none,edge,1,n/a,R6F19A,4,2.5152389,[]
3208.3208.00.0003,x3208.c0.r42.j24,none,x3208.c0.s39.b1.n0.h0,x3208.c0.s37.b2.n0.h0,1,none,none,none,none,edge,1,n/a,R6F19A,4,2.5479296,[]
3000.3201.00.0000,x3201.c0.r42.j13,none,x3000.c0.r47.j7.p0,x3000.c0.r47.j7.p1,1,x3000-LEFT,none,x3201-RIGHT,none,edge,1,0,R4K87A,100,88.1848294,"['x3000_BACK-x3209_BACK', 'x3208_RIGHT-x3209_LEFT', 'x3207_RIGHT-x3208_LEFT', 'x3206_RIGHT-x3207_LEFT', 'x3205_RIGHT-x3206_LEFT', 'x3204_RIGHT-x3205_LEFT', 'x3203_RIGHT-x3204_LEFT', 'x3202_RIGHT-x3203_LEFT', 'x3201_RIGHT-x3202_LEFT']"
3000.3202.00.0000,x3202.c0.r42.j13,none,x3000.c0.r48.j7.p0,x3000.c0.r48.j7.p1,1,x3000-LEFT,none,x3202-RIGHT,none,edge,1,0,R4K87A,100,87.3185798,"['x3000_BACK-x3209_BACK', 'x3208_RIGHT-x3209_LEFT', 'x3207_RIGHT-x3208_LEFT', 'x3206_RIGHT-x3207_LEFT', 'x3205_RIGHT-x3206_LEFT', 'x3204_RIGHT-x3205_LEFT', 'x3203_RIGHT-x3204_LEFT', 'x3202_RIGHT-x3203_LEFT']"
3001.3203.00.0000,x3203.c0.r42.j23,none,x3001.c0.r47.j7.p0,x3001.c0.r47.j7.p1,1,x3001-RIGHT,none,x3203-RIGHT,none,edge,1,0,R4K87A,100,87.1946466,"['x3001_RIGHT-x3000_LEFT', 'x3000_BACK-x3209_BACK', 'x3208_RIGHT-x3209_LEFT', 'x3207_RIGHT-x3208_LEFT', 'x3206_RIGHT-x3207_LEFT', 'x3205_RIGHT-x3206_LEFT', 'x3204_RIGHT-x3205_LEFT', 'x3203_RIGHT-x3204_LEFT']"
3002.3205.00.0000,x3205.c0.r42.j23,none,x3002.c0.r47.j7.p0,x3002.c0.r47.j7.p1,1,x3002-RIGHT,none,x3205-RIGHT,none,edge,1,0,R4K87A,100,86.372847,"['x3002_RIGHT-x3001_LEFT', 'x3001_RIGHT-x3000_LEFT', 'x3000_BACK-x3209_BACK', 'x3208_RIGHT-x3209_LEFT', 'x3207_RIGHT-x3208_LEFT', 'x3206_RIGHT-x3207_LEFT', 'x3205_RIGHT-x3206_LEFT']"
3001.3204.00.0000,x3204.c0.r42.j23,none,x3001.c0.r48.j7.p0,x3001.c0.r48.j7.p1,1,x3001-RIGHT,none,x3204-RIGHT,none,edge,1,0,R4K87A,100,86.3283971,"['x3001_RIGHT-x3000_LEFT', 'x3000_BACK-x3209_BACK', 'x3208_RIGHT-x3209_LEFT', 'x3207_RIGHT-x3208_LEFT', 'x3206_RIGHT-x3207_LEFT', 'x3205_RIGHT-x3206_LEFT', 'x3204_RIGHT-x3205_LEFT']"
3000.3101.00.0000,x3101.c0.r42.j15,none,x3000.c0.r47.j25.p0,x3000.c0.r47.j25.p1,1,x3000-LEFT,none,x3101-LEFT,none,edge,1,0,R4K87A,100,81.3305575,"['x3000_BACK-x11_BACK', 'x11_RIGHT-x3108_LEFT', 'x3108_RIGHT-x3107_LEFT', 'x3107_RIGHT-x3106_LEFT', 'x3106_RIGHT-x3105_LEFT', 'x3105_RIGHT-x3104_LEFT', 'x3104_RIGHT-x3103_LEFT', 'x3103_RIGHT-x3102_LEFT', 'x3102_RIGHT-x3101_LEFT']"
3000.3102.00.0000,x3102.c0.r42.j15,none,x3000.c0.r48.j25.p0,x3000.c0.r48.j25.p1,1,x3000-LEFT,none,x3102-LEFT,none,edge,1,0,R4K87A,100,80.464308,"['x3000_BACK-x11_BACK', 'x11_RIGHT-x3108_LEFT', 'x3108_RIGHT-x3107_LEFT', 'x3107_RIGHT-x3106_LEFT', 'x3106_RIGHT-x3105_LEFT', 'x3105_RIGHT-x3104_LEFT', 'x3104_RIGHT-x3103_LEFT', 'x3103_RIGHT-x3102_LEFT']"
3001.3103.00.0000,x3103.c0.r42.j19,none,x3001.c0.r47.j9.p0,x3001.c0.r47.j9.p1,1,x3001-RIGHT,none,x3103-LEFT,none,edge,1,0,R4K87A,100,80.4185619,"['x3001_RIGHT-x3000_LEFT', 'x3000_BACK-x11_BACK', 'x11_RIGHT-x3108_LEFT', 'x3108_RIGHT-x3107_LEFT', 'x3107_RIGHT-x3106_LEFT', 'x3106_RIGHT-x3105_LEFT', 'x3105_RIGHT-x3104_LEFT', 'x3104_RIGHT-x3103_LEFT']"
3002.3105.00.0000,x3105.c0.r42.j19,none,x3002.c0.r47.j9.p0,x3002.c0.r47.j9.p1,1,x3002-RIGHT,none,x3105-LEFT,none,edge,1,0,R4K87A,100,79.5967623,"['x3002_RIGHT-x3001_LEFT', 'x3001_RIGHT-x3000_LEFT', 'x3000_BACK-x11_BACK', 'x11_RIGHT-x3108_LEFT', 'x3108_RIGHT-x3107_LEFT', 'x3107_RIGHT-x3106_LEFT', 'x3106_RIGHT-x3105_LEFT']"
3001.3104.00.0000,x3104.c0.r42.j19,none,x3001.c0.r48.j9.p0,x3001.c0.r48.j9.p1,1,x3001-RIGHT,none,x3104-LEFT,none,edge,1,0,R4K87A,100,79.5523123,"['x3001_RIGHT-x3000_LEFT', 'x3000_BACK-x11_BACK', 'x11_RIGHT-x3108_LEFT', 'x3108_RIGHT-x3107_LEFT', 'x3107_RIGHT-x3106_LEFT', 'x3106_RIGHT-x3105_LEFT', 'x3105_RIGHT-x3104_LEFT']"
3003.3107.00.0000,x3107.c0.r42.j17,none,x3003.c0.r47.j7.p0,x3003.c0.r47.j7.p1,1,x3003-RIGHT,none,x3107-LEFT,none,edge,1,0,R4K87A,100,78.7719378,"['x3003_RIGHT-x3002_LEFT', 'x3002_RIGHT-x3001_LEFT', 'x3001_RIGHT-x3000_LEFT', 'x3000_BACK-x11_BACK', 'x11_RIGHT-x3108_LEFT', 'x3108_RIGHT-x3107_LEFT']"
3002.3106.00.0000,x3106.c0.r42.j19,none,x3002.c0.r48.j7.p0,x3002.c0.r48.j7.p1,1,x3002-RIGHT,none,x3106-LEFT,none,edge,1,0,R4K87A,100,78.7044046,"['x3002_RIGHT-x3001_LEFT', 'x3001_RIGHT-x3000_LEFT', 'x3000_BACK-x11_BACK', 'x11_RIGHT-x3108_LEFT', 'x3108_RIGHT-x3107_LEFT', 'x3107_RIGHT-x3106_LEFT']"
3003.3207.00.0000,x3207.c0.r42.j11,none,x3003.c0.r47.j9.p0,x3003.c0.r47.j9.p1,1,x3003-RIGHT,none,x3207-RIGHT,none,edge,1,0,R4K87A,100,78.7327003,"['x3003_RIGHT-x3002_LEFT', 'x3002_RIGHT-x3001_LEFT', 'x3001_RIGHT-x3000_LEFT', 'x3000_BACK-x3209_BACK', 'x3208_RIGHT-x3209_LEFT', 'x3207_RIGHT-x3208_LEFT']"
3002.3206.00.0000,x3206.c0.r42.j13,none,x3002.c0.r48.j9.p0,x3002.c0.r48.j9.p1,1,x3002-RIGHT,none,x3206-RIGHT,none,edge,1,0,R4K87A,100,78.7144061,"['x3002_RIGHT-x3001_LEFT', 'x3001_RIGHT-x3000_LEFT', 'x3000_BACK-x3209_BACK', 'x3208_RIGHT-x3209_LEFT', 'x3207_RIGHT-x3208_LEFT', 'x3206_RIGHT-x3207_LEFT']"
3003.3108.00.0000,x3108.c0.r42.j17,none,x3003.c0.r48.j7.p1,x3003.c0.r48.j7.p1,1,x3003-RIGHT,none,x3108-LEFT,none,edge,1,0,R4K87A,100,77.9056882,"['x3003_RIGHT-x3002_LEFT', 'x3002_RIGHT-x3001_LEFT', 'x3001_RIGHT-x3000_LEFT', 'x3000_BACK-x11_BACK', 'x11_RIGHT-x3108_LEFT']"
3003.3208.00.0000,x3208.c0.r42.j11,none,x3003.c0.r48.j9.p1,x3003.c0.r48.j9.p1,1,x3003-RIGHT,none,x3208-RIGHT,none,edge,1,0,R4K87A,100,77.8664507,"['x3003_RIGHT-x3002_LEFT', 'x3002_RIGHT-x3001_LEFT', 'x3001_RIGHT-x3000_LEFT', 'x3000_BACK-x3209_BACK', 'x3208_RIGHT-x3209_LEFT']"
